addr	name	size	status
00100008	_start	456	understood
001001d0	FUN_001001d0	8	thunk
00100200	FUN_00100200	184	unknown
001002b8	FUN_001002b8	68	partial
00100300	FUN_00100300	176	unknown
001003b0	FUN_001003b0	88	understood
00100408	FUN_00100408	104	understood
00100470	FUN_00100470	88	unknown
001004c8	FUN_001004c8	88	unknown
00100520	FUN_00100520	104	understood
00100588	FUN_00100588	104	unknown
001005f0	FUN_001005f0	92	unknown
00100650	FUN_00100650	108	unknown
001006c0	FUN_001006c0	104	unknown
00100728	FUN_00100728	680	partial
001009d0	FUN_001009d0	88	unknown
00100a28	FUN_00100a28	92	unknown
00100a90	FUN_00100a90	88	unknown
00100ae8	FUN_00100ae8	120	unknown
00100b60	FUN_00100b60	92	unknown
00100bc0	FUN_00100bc0	92	unknown
00100c20	FUN_00100c20	256	understood
00100d28	FUN_00100d28	112	unknown
00100d98	FUN_00100d98	128	unknown
00100e18	FUN_00100e18	2436	partial
001017a8	FUN_001017a8	96	unknown
00101808	FUN_00101808	248	partial
00101900	FUN_00101900	104	unknown
00101968	FUN_00101968	120	unknown
001019e0	FUN_001019e0	924	unknown
00101d80	FUN_00101d80	292	unknown
00101ea8	FUN_00101ea8	812	unknown
001021d8	FUN_001021d8	708	unknown
001024a0	FUN_001024a0	752	unknown
00102798	FUN_00102798	620	unknown
00102a10	FUN_00102a10	520	unknown
00102c20	FUN_00102c20	480	unknown
00102e00	FUN_00102e00	740	unknown
001030e8	FUN_001030e8	764	unknown
001033f0	FUN_001033f0	216	unknown
001034c8	FUN_001034c8	1172	unknown
00103968	FUN_00103968	708	unknown
00103c30	FUN_00103c30	2372	unknown
00104580	FUN_00104580	4984	unknown
00105950	FUN_00105950	412	unknown
00105af0	FUN_00105af0	580	unknown
00105d38	FUN_00105d38	40	unknown
00105d60	FUN_00105d60	28	thunk
00105d80	FUN_00105d80	44	thunk
00105db0	FUN_00105db0	316	unknown
00105ef0	FUN_00105ef0	172	unknown
00105fa0	FUN_00105fa0	48	thunk
00105fd0	FUN_00105fd0	92	unknown
00106030	FUN_00106030	132	unknown
001060b8	FUN_001060b8	188	unknown
00106178	FUN_00106178	128	unknown
001061f8	FUN_001061f8	172	unknown
001062a8	FUN_001062a8	212	unknown
00106380	FUN_00106380	952	partial
00106740	FUN_00106740	356	partial
001068a8	FUN_001068a8	196	unknown
00106970	FUN_00106970	204	unknown
00106a40	FUN_00106a40	488	partial
00106c28	FUN_00106c28	504	unknown
00106e20	FUN_00106e20	396	unknown
00106fb0	FUN_00106fb0	180	unknown
00107068	FUN_00107068	360	unknown
001071d0	FUN_001071d0	60	unknown
00107210	FUN_00107210	88	unknown
00107268	FUN_00107268	96	unknown
001072c8	FUN_001072c8	88	unknown
00107328	FUN_00107328	140	unknown
001073b8	FUN_001073b8	264	unknown
001074c0	FUN_001074c0	316	unknown
00107600	FUN_00107600	196	unknown
001076c8	FUN_001076c8	572	unknown
00107908	FUN_00107908	124	unknown
00107988	FUN_00107988	52	unknown
001079c0	FUN_001079c0	112	unknown
00107a30	FUN_00107a30	480	understood
00107c10	FUN_00107c10	712	understood
00107ed8	FUN_00107ed8	356	understood
00108040	FUN_00108040	364	understood
001081b0	FUN_001081b0	764	understood
001084b0	FUN_001084b0	864	understood
00108810	FUN_00108810	1272	partial
00108d08	FUN_00108d08	752	understood
00109000	FUN_00109000	88	unknown
00109058	FUN_00109058	88	unknown
001090b0	FUN_001090b0	112	unknown
00109120	FUN_00109120	132	unknown
001091a8	FUN_001091a8	328	unknown
001092f0	FUN_001092f0	160	unknown
00109390	FUN_00109390	612	unknown
001095f8	FUN_001095f8	168	unknown
001096a0	FUN_001096a0	1228	unknown
00109b78	FUN_00109b78	4108	unknown
0010ab90	FUN_0010ab90	428	understood
0010ad40	FUN_0010ad40	448	unknown
0010af00	FUN_0010af00	104	unknown
0010af68	FUN_0010af68	112	unknown
0010afd8	FUN_0010afd8	280	unknown
0010b0f0	FUN_0010b0f0	68	partial
0010b138	FUN_0010b138	528	unknown
0010b348	FUN_0010b348	1032	unknown
0010b750	FUN_0010b750	712	unknown
0010ba18	FUN_0010ba18	248	partial
0010bb10	FUN_0010bb10	1332	unknown
0010c048	FUN_0010c048	1144	unknown
0010c4c0	FUN_0010c4c0	1236	unknown
0010c998	FUN_0010c998	2380	unknown
0010d2e8	FUN_0010d2e8	1240	unknown
0010d7c0	FUN_0010d7c0	1360	unknown
0010dd10	FUN_0010dd10	1432	unknown
0010e2a8	FUN_0010e2a8	2476	unknown
0010ec58	FUN_0010ec58	1280	unknown
0010f158	FUN_0010f158	1364	unknown
0010f6b0	FUN_0010f6b0	1468	unknown
0010fc70	FUN_0010fc70	1564	unknown
00110290	FUN_00110290	1560	unknown
001108a8	FUN_001108a8	1388	unknown
00110e18	FUN_00110e18	1476	unknown
001113e0	FUN_001113e0	1660	unknown
00111a60	FUN_00111a60	176	unknown
00111b10	FUN_00111b10	284	unknown
00111c30	FUN_00111c30	340	unknown
00111d88	FUN_00111d88	448	unknown
00111f48	FUN_00111f48	276	unknown
00112060	FUN_00112060	204	partial
00112130	FUN_00112130	588	unknown
00112380	FUN_00112380	17608	understood
00116850	FUN_00116850	672	unknown
00116af0	FUN_00116af0	228	unknown
00116bd8	FUN_00116bd8	1404	unknown
00117158	FUN_00117158	1176	unknown
001175f0	FUN_001175f0	1004	unknown
001179e0	FUN_001179e0	316	unknown
00117b20	FUN_00117b20	248	unknown
00117c18	FUN_00117c18	156	partial
00117cb8	FUN_00117cb8	112	partial
00117d28	FUN_00117d28	68	unknown
00117d70	FUN_00117d70	204	unknown
00117e40	FUN_00117e40	196	unknown
00117f08	FUN_00117f08	164	unknown
00117fb8	FUN_00117fb8	180	unknown
00118070	FUN_00118070	1512	unknown
00118660	FUN_00118660	20	thunk
00118678	FUN_00118678	28	thunk
00118698	FUN_00118698	236	unknown
00118788	FUN_00118788	424	partial
00118930	FUN_00118930	400	unknown
00118ac0	FUN_00118ac0	144	unknown
00118b50	FUN_00118b50	180	unknown
00118c08	FUN_00118c08	124	unknown
00118c88	FUN_00118c88	236	unknown
00118d78	FUN_00118d78	20	thunk
00118d90	FUN_00118d90	28	thunk
00118db8	FUN_00118db8	60	unknown
00118df8	FUN_00118df8	108	unknown
00118e68	FUN_00118e68	88	unknown
00118ec0	FUN_00118ec0	144	unknown
00118f50	FUN_00118f50	144	unknown
00118fe0	FUN_00118fe0	180	unknown
00119098	FUN_00119098	196	partial
00119208	FUN_00119208	276	partial
00119320	FUN_00119320	1064	partial
00119748	FUN_00119748	188	partial
00119808	FUN_00119808	176	partial
001198b8	FUN_001198b8	164	unknown
00119960	FUN_00119960	224	unknown
00119a40	FUN_00119a40	248	unknown
00119b38	FUN_00119b38	120	unknown
00119bb0	FUN_00119bb0	9064	partial
0011bf28	FUN_0011bf28	376	unknown
0011c0a0	FUN_0011c0a0	1328	unknown
0011c5d0	FUN_0011c5d0	8	thunk
0011c5d8	FUN_0011c5d8	1452	unknown
0011cb88	FUN_0011cb88	444	unknown
0011cd48	FUN_0011cd48	220	unknown
0011ce28	FUN_0011ce28	160	unknown
0011cec8	FUN_0011cec8	204	unknown
0011cf98	FUN_0011cf98	388	unknown
0011d120	FUN_0011d120	264	unknown
0011d228	FUN_0011d228	80	partial
0011d278	FUN_0011d278	216	unknown
0011d350	FUN_0011d350	116	partial
0011d3c8	FUN_0011d3c8	152	unknown
0011d460	FUN_0011d460	44	thunk
0011d490	FUN_0011d490	44	thunk
0011d4c0	FUN_0011d4c0	104	partial
0011d528	FUN_0011d528	184	unknown
0011d5e0	FUN_0011d5e0	168	partial
0011d688	FUN_0011d688	164	partial
0011d730	FUN_0011d730	180	unknown
0011d7e8	FUN_0011d7e8	8	thunk
0011d7f0	FUN_0011d7f0	8	thunk
0011d7f8	FUN_0011d7f8	400	partial
0011d988	FUN_0011d988	164	unknown
0011da30	FUN_0011da30	108	unknown
0011daa0	FUN_0011daa0	56	partial
0011dad8	FUN_0011dad8	80	unknown
0011db28	FUN_0011db28	80	unknown
0011db78	FUN_0011db78	56	unknown
0011dbb0	FUN_0011dbb0	64	partial
0011dbf0	FUN_0011dbf0	224	unknown
0011dcd0	FUN_0011dcd0	252	partial
0011ddd0	FUN_0011ddd0	96	unknown
0011de30	FUN_0011de30	132	partial
0011deb8	FUN_0011deb8	964	unknown
0011e280	FUN_0011e280	588	partial
0011e4d0	FUN_0011e4d0	280	partial
0011e5e8	FUN_0011e5e8	460	partial
0011e7b8	FUN_0011e7b8	44	unknown
0011e7e8	FUN_0011e7e8	104	partial
0011e850	FUN_0011e850	24	thunk
0011e868	FUN_0011e868	24	thunk
0011e880	FUN_0011e880	288	unknown
0011e9a0	FUN_0011e9a0	268	partial
0011eab0	FUN_0011eab0	84	partial
0011eb08	FUN_0011eb08	56	partial
0011eb40	FUN_0011eb40	52	unknown
0011eb78	FUN_0011eb78	180	unknown
0011ec30	FUN_0011ec30	212	unknown
0011ed08	FUN_0011ed08	40	unknown
0011ed30	FUN_0011ed30	172	unknown
0011ede0	FUN_0011ede0	192	partial
0011eea0	FUN_0011eea0	96	unknown
0011ef00	FUN_0011ef00	144	partial
0011ef90	FUN_0011ef90	684	unknown
0011f240	FUN_0011f240	584	partial
0011f488	FUN_0011f488	128	partial
0011f508	FUN_0011f508	252	understood
0011f608	FUN_0011f608	572	understood
0011f850	FUN_0011f850	496	unknown
0011fa40	FUN_0011fa40	448	unknown
0011fc00	FUN_0011fc00	280	unknown
0011fd18	FUN_0011fd18	432	understood
0011fec8	FUN_0011fec8	32	unknown
0011fee8	FUN_0011fee8	172	unknown
0011ff98	FUN_0011ff98	244	partial
00120090	FUN_00120090	116	partial
00120108	FUN_00120108	168	unknown
001201b0	FUN_001201b0	180	unknown
001203f0	FUN_001203f0	148	unknown
00120488	FUN_00120488	52	unknown
001204c0	FUN_001204c0	48	understood
001204f0	FUN_001204f0	96	partial
00120550	FUN_00120550	52	unknown
00120588	FUN_00120588	96	understood
001205e8	FUN_001205e8	176	understood
00120698	FUN_00120698	284	understood
001207b8	FUN_001207b8	220	understood
001208d8	FUN_001208d8	64	partial
00120918	FUN_00120918	160	partial
001209b8	FUN_001209b8	132	unknown
00120a40	FUN_00120a40	116	unknown
00120ab8	FUN_00120ab8	164	partial
00120b68	FUN_00120b68	56	unknown
00120ba0	FUN_00120ba0	68	partial
00120be8	FUN_00120be8	56	unknown
00120c20	FUN_00120c20	860	unknown
00120f80	FUN_00120f80	96	unknown
00120fe0	FUN_00120fe0	120	unknown
00121058	FUN_00121058	196	unknown
00121120	FUN_00121120	188	unknown
001211e0	FUN_001211e0	112	unknown
00121250	FUN_00121250	204	unknown
00121320	FUN_00121320	312	unknown
00121460	FUN_00121460	276	unknown
00121578	FUN_00121578	348	unknown
001216d8	FUN_001216d8	172	unknown
00121788	FUN_00121788	296	partial
001218b0	FUN_001218b0	40	thunk
001218d8	FUN_001218d8	344	understood
00121a30	FUN_00121a30	100	unknown
00121a98	FUN_00121a98	48	unknown
00121ac8	FUN_00121ac8	80	partial
00121b18	FUN_00121b18	484	partial
00121d00	FUN_00121d00	172	unknown
00121db0	FUN_00121db0	536	unknown
00121fc8	FUN_00121fc8	1232	partial
00122498	FUN_00122498	576	partial
001226d8	FUN_001226d8	820	unknown
00122a10	FUN_00122a10	104	unknown
00122a78	FUN_00122a78	844	partial
00122dc8	FUN_00122dc8	764	partial
001230c8	FUN_001230c8	136	unknown
00123150	FUN_00123150	504	partial
00123348	FUN_00123348	68	partial
00123390	FUN_00123390	1324	partial
001238c0	FUN_001238c0	192	unknown
00123980	FUN_00123980	16	thunk
00123990	FUN_00123990	380	partial
00123b10	FUN_00123b10	336	partial
00123c60	FUN_00123c60	5252	partial
001250f0	FUN_001250f0	280	partial
00125208	FUN_00125208	116	unknown
00125280	FUN_00125280	912	unknown
00125610	FUN_00125610	620	unknown
00125880	FUN_00125880	68	unknown
001258c8	FUN_001258c8	116	unknown
00125940	FUN_00125940	240	unknown
00125a30	FUN_00125a30	496	partial
00125c20	FUN_00125c20	152	unknown
00125cb8	FUN_00125cb8	1168	unknown
00126148	FUN_00126148	3424	unknown
00126eb0	FUN_00126eb0	1296	unknown
001273c0	FUN_001273c0	36	unknown
001273e8	FUN_001273e8	164	unknown
00127490	FUN_00127490	12	thunk
001274a0	FUN_001274a0	52	thunk
001274d8	FUN_001274d8	32	thunk
001274f8	FUN_001274f8	204	unknown
001275c8	FUN_001275c8	36	unknown
001275f0	FUN_001275f0	196	unknown
001276b8	FUN_001276b8	12	unknown
001276c8	FUN_001276c8	76	unknown
00127718	FUN_00127718	92	unknown
00127778	FUN_00127778	68	unknown
001277c0	FUN_001277c0	260	unknown
001278c8	FUN_001278c8	28	unknown
001278e8	FUN_001278e8	176	unknown
00127998	FUN_00127998	20	thunk
001279b0	FUN_001279b0	180	thunk
00127a68	FUN_00127a68	40	unknown
00127a90	FUN_00127a90	196	unknown
00127b58	FUN_00127b58	40	unknown
00127b80	FUN_00127b80	40	thunk
00127ba8	FUN_00127ba8	104	unknown
00127c10	FUN_00127c10	444	partial
00127dd0	FUN_00127dd0	808	unknown
001280f8	FUN_001280f8	420	partial
001282a0	FUN_001282a0	724	unknown
00128578	FUN_00128578	96	thunk
001285d8	FUN_001285d8	992	unknown
001289b8	FUN_001289b8	652	partial
00128c48	FUN_00128c48	136	unknown
00128cd0	FUN_00128cd0	100	unknown
00128d38	FUN_00128d38	804	unknown
00129060	FUN_00129060	512	unknown
00129260	FUN_00129260	272	unknown
00129370	FUN_00129370	768	unknown
00129678	FUN_00129678	184	unknown
00129730	FUN_00129730	2268	unknown
0012a010	FUN_0012a010	648	unknown
0012a298	FUN_0012a298	996	unknown
0012a680	FUN_0012a680	764	unknown
0012a980	FUN_0012a980	372	unknown
0012aaf8	FUN_0012aaf8	396	unknown
0012ac88	FUN_0012ac88	100	unknown
0012acf0	FUN_0012acf0	100	unknown
0012ad58	FUN_0012ad58	372	unknown
0012aed0	FUN_0012aed0	100	unknown
0012af38	FUN_0012af38	316	unknown
0012b078	FUN_0012b078	496	unknown
0012b268	FUN_0012b268	568	unknown
0012b4a8	FUN_0012b4a8	816	unknown
0012b7d8	FUN_0012b7d8	340	unknown
0012b930	FUN_0012b930	1628	unknown
0012bf90	FUN_0012bf90	272	unknown
0012c0a0	FUN_0012c0a0	1576	unknown
0012c6d8	FUN_0012c6d8	248	unknown
0012c7d0	FUN_0012c7d0	1168	unknown
0012cc60	FUN_0012cc60	280	partial
0012cd78	FUN_0012cd78	116	unknown
0012ce00	FUN_0012ce00	888	unknown
0012d178	FUN_0012d178	1128	unknown
0012d5e0	FUN_0012d5e0	1324	unknown
0012db10	FUN_0012db10	220	unknown
0012dbf0	FUN_0012dbf0	284	unknown
0012dd10	FUN_0012dd10	220	unknown
0012ddf0	FUN_0012ddf0	228	unknown
0012ded8	FUN_0012ded8	220	unknown
0012dfb8	FUN_0012dfb8	188	unknown
0012e078	FUN_0012e078	136	unknown
0012e100	FUN_0012e100	60	thunk
0012e140	FUN_0012e140	244	unknown
0012e238	FUN_0012e238	60	thunk
0012e278	FUN_0012e278	1200	unknown
0012e730	FUN_0012e730	920	partial
0012eac8	FUN_0012eac8	936	unknown
0012ee70	FUN_0012ee70	660	unknown
0012f108	FUN_0012f108	660	unknown
0012f3a0	FUN_0012f3a0	660	unknown
0012f638	FUN_0012f638	256	unknown
0012f738	FUN_0012f738	272	unknown
0012f848	FUN_0012f848	288	unknown
0012f968	FUN_0012f968	728	unknown
0012fc40	FUN_0012fc40	1316	unknown
00130168	FUN_00130168	200	unknown
00130230	FUN_00130230	176	unknown
001302e0	FUN_001302e0	3300	partial
00130fc8	FUN_00130fc8	100	unknown
00131030	FUN_00131030	188	unknown
001310f0	FUN_001310f0	312	partial
00131228	FUN_00131228	120	unknown
001312a0	FUN_001312a0	1284	unknown
001317a8	FUN_001317a8	360	partial
00131910	FUN_00131910	116	unknown
00131988	FUN_00131988	1324	unknown
00131eb8	FUN_00131eb8	300	partial
00131fe8	FUN_00131fe8	116	unknown
001320f8	FUN_001320f8	1164	unknown
00132588	FUN_00132588	140	unknown
00132618	FUN_00132618	84	unknown
00132670	FUN_00132670	308	understood
001327a8	FUN_001327a8	208	unknown
00132878	FUN_00132878	176	partial
00132930	FUN_00132930	252	unknown
00132a58	FUN_00132a58	64	unknown
00132a98	FUN_00132a98	8	thunk
00132ad8	FUN_00132ad8	92	unknown
00132b38	FUN_00132b38	100	unknown
00132ba0	FUN_00132ba0	116	unknown
00132c18	FUN_00132c18	116	unknown
00132c90	FUN_00132c90	100	unknown
00132cf8	FUN_00132cf8	116	unknown
00132d70	FUN_00132d70	116	unknown
00132de8	FUN_00132de8	276	unresolved
00132f08	FUN_00132f08	548	understood
00133130	FUN_00133130	364	unknown
001332a0	FUN_001332a0	8	thunk
001332a8	FUN_001332a8	328	unknown
001333f0	FUN_001333f0	416	unknown
00133590	FUN_00133590	100	unknown
001335f8	FUN_001335f8	336	understood
00133748	FUN_00133748	56	unknown
00133780	FUN_00133780	492	unknown
00133970	FUN_00133970	556	understood
00133ba0	FUN_00133ba0	56	unknown
00133bd8	FUN_00133bd8	440	unknown
00133d90	FUN_00133d90	56	unknown
00133dc8	FUN_00133dc8	20	unknown
00133de0	FUN_00133de0	1300	partial
001342f8	FUN_001342f8	752	unknown
001345e8	FUN_001345e8	56	unknown
00134620	FUN_00134620	784	unknown
00134930	FUN_00134930	56	unknown
00134968	FUN_00134968	788	unknown
00134c80	FUN_00134c80	56	unknown
00134cb8	FUN_00134cb8	768	partial
00134fb8	FUN_00134fb8	56	unknown
00134ff0	FUN_00134ff0	28	thunk
00135010	FUN_00135010	856	partial
00135368	FUN_00135368	56	unknown
001353a0	FUN_001353a0	384	unknown
00135528	FUN_00135528	1956	partial
00135cd0	FUN_00135cd0	56	unknown
00135d08	FUN_00135d08	320	unknown
00135e48	FUN_00135e48	1400	partial
001363c0	FUN_001363c0	56	unknown
001363f8	FUN_001363f8	108	unknown
00136468	FUN_00136468	28	thunk
00136488	FUN_00136488	240	unknown
00136580	FUN_00136580	124	unknown
00136600	FUN_00136600	68	partial
00136648	FUN_00136648	132	unknown
001366d0	FUN_001366d0	856	partial
00136a30	FUN_00136a30	148	unknown
00136ac8	FUN_00136ac8	208	unknown
00136b98	FUN_00136b98	436	unknown
00136f30	FUN_00136f30	900	unknown
001372b8	FUN_001372b8	196	unknown
00137380	FUN_00137380	188	unknown
00137450	FUN_00137450	924	unknown
001377f8	FUN_001377f8	116	partial
00137870	FUN_00137870	344	partial
001379c8	FUN_001379c8	312	unknown
00137b00	FUN_00137b00	320	unknown
00137c40	FUN_00137c40	576	unknown
00137e80	FUN_00137e80	148	partial
00137f18	FUN_00137f18	112	unknown
00137f88	FUN_00137f88	492	partial
00138178	FUN_00138178	180	partial
00138230	FUN_00138230	72	unknown
00138278	FUN_00138278	232	unknown
00138360	FUN_00138360	68	unknown
001383a8	FUN_001383a8	52	unknown
001383e0	FUN_001383e0	44	thunk
00138410	FUN_00138410	44	thunk
00138440	FUN_00138440	104	unknown
001384a8	FUN_001384a8	56	partial
001384e0	FUN_001384e0	52	unknown
00138518	FUN_00138518	576	partial
00138758	FUN_00138758	40	thunk
00138780	FUN_00138780	320	partial
001388c0	FUN_001388c0	92	unknown
00138920	FUN_00138920	56	unknown
00138958	FUN_00138958	64	unknown
00138998	FUN_00138998	880	unknown
00138d10	FUN_00138d10	56	unknown
00138d48	FUN_00138d48	704	partial
00139008	FUN_00139008	668	unknown
001392a8	FUN_001392a8	844	unknown
001395f8	FUN_001395f8	688	unknown
001398a8	FUN_001398a8	84	unknown
00139900	FUN_00139900	108	partial
00139970	FUN_00139970	176	unknown
00139a20	FUN_00139a20	1132	partial
00139e90	FUN_00139e90	276	unknown
00139fa8	FUN_00139fa8	476	unknown
0013a188	FUN_0013a188	88	unknown
0013a1e0	FUN_0013a1e0	96	unknown
0013a240	FUN_0013a240	8	thunk
0013a248	FUN_0013a248	8	thunk
0013a250	FUN_0013a250	68	unknown
0013a298	FUN_0013a298	216	unknown
0013a370	FUN_0013a370	404	unknown
0013a508	FUN_0013a508	980	unknown
0013a8e0	FUN_0013a8e0	56	unknown
0013a918	FUN_0013a918	116	unknown
0013a990	FUN_0013a990	44	thunk
0013a9c0	FUN_0013a9c0	264	unknown
0013aac8	FUN_0013aac8	16	thunk
0013aad8	FUN_0013aad8	528	unknown
0013ace8	FUN_0013ace8	216	unknown
0013adc0	FUN_0013adc0	76	unknown
0013ae10	FUN_0013ae10	176	unknown
0013aec0	FUN_0013aec0	192	unknown
0013af80	FUN_0013af80	80	unknown
0013afd0	FUN_0013afd0	352	unknown
0013b130	FUN_0013b130	156	partial
0013b1d0	FUN_0013b1d0	172	unknown
0013b280	FUN_0013b280	192	unknown
0013b340	FUN_0013b340	160	unknown
0013b3e0	FUN_0013b3e0	60	unknown
0013b420	FUN_0013b420	524	unknown
0013b630	FUN_0013b630	808	unknown
0013b958	FUN_0013b958	400	unknown
0013bae8	FUN_0013bae8	28	thunk
0013bb08	FUN_0013bb08	8	thunk
0013bb10	FUN_0013bb10	76	unknown
0013bb60	FUN_0013bb60	60	unknown
0013bba0	FUN_0013bba0	220	understood
0013bc80	FUN_0013bc80	136	unknown
0013bd08	FUN_0013bd08	116	unknown
0013bd80	FUN_0013bd80	252	unknown
0013be80	FUN_0013be80	112	unknown
0013bef8	FUN_0013bef8	84	unknown
0013bf50	FUN_0013bf50	92	understood
0013bfb0	FUN_0013bfb0	92	unknown
0013c010	FUN_0013c010	1016	unknown
0013c408	FUN_0013c408	132	understood
0013c490	GoInstance120_ctor	280	partial
0013c5a8	FUN_0013c5a8	220	partial
0013c688	FUN_0013c688	904	unknown
0013ca10	FUN_0013ca10	228	unknown
0013caf8	FUN_0013caf8	228	unknown
0013cbe0	FUN_0013cbe0	236	unknown
0013ccd0	FUN_0013ccd0	148	unknown
0013cd68	FUN_0013cd68	148	unknown
0013ce00	FUN_0013ce00	116	unknown
0013ce78	FUN_0013ce78	100	unknown
0013cee0	FUN_0013cee0	64	unknown
0013cf20	FUN_0013cf20	116	unknown
0013cf98	FUN_0013cf98	172	unknown
0013d048	FUN_0013d048	172	unknown
0013d0f8	FUN_0013d0f8	184	partial
0013d1b0	FUN_0013d1b0	132	unknown
0013d238	FUN_0013d238	276	unknown
0013d350	FUN_0013d350	12	understood
0013d360	FUN_0013d360	24	understood
0013d378	FUN_0013d378	40	understood
0013d3a0	FUN_0013d3a0	552	unknown
0013d5d0	FUN_0013d5d0	276	unknown
0013d6e8	FUN_0013d6e8	108	unknown
0013d758	FUN_0013d758	116	unknown
0013d7e0	FUN_0013d7e0	216	unknown
0013d8b8	FUN_0013d8b8	48	partial
0013d8f8	FUN_0013d8f8	28	thunk
0013d918	FUN_0013d918	304	unknown
0013da48	FUN_0013da48	812	partial
0013dd78	FUN_0013dd78	352	partial
0013ded8	FUN_0013ded8	984	unknown
0013e2b8	FUN_0013e2b8	136	partial
0013e340	FUN_0013e340	40	unknown
0013e368	FUN_0013e368	280	unknown
0013e480	FUN_0013e480	64	partial
0013e4c0	FUN_0013e4c0	64	unknown
0013e500	FUN_0013e500	80	unknown
0013e550	FUN_0013e550	100	partial
0013e5b8	FUN_0013e5b8	100	unknown
0013e620	FUN_0013e620	1332	unknown
0013eb60	FUN_0013eb60	132	unknown
0013ebe8	FUN_0013ebe8	56	unknown
0013ec20	FUN_0013ec20	60	unknown
0013ec60	FUN_0013ec60	80	unknown
0013ecb8	FUN_0013ecb8	200	unknown
0013ed80	FUN_0013ed80	68	unknown
0013edc8	FUN_0013edc8	48	unknown
0013edf8	FUN_0013edf8	304	unknown
0013ef28	FUN_0013ef28	648	unknown
0013f1b8	FUN_0013f1b8	40	partial
0013f1e0	FUN_0013f1e0	76	unknown
0013f230	FUN_0013f230	208	partial
0013f300	FUN_0013f300	220	unknown
0013f3e0	FUN_0013f3e0	320	unknown
0013f520	FUN_0013f520	72	partial
0013f568	FUN_0013f568	444	unknown
0013f728	FUN_0013f728	444	unknown
0013f8e8	FUN_0013f8e8	964	unknown
0013fcb0	FUN_0013fcb0	184	unknown
0013fd68	FUN_0013fd68	220	unknown
0013fe48	FUN_0013fe48	576	partial
00140088	FUN_00140088	64	partial
001400c8	FUN_001400c8	92	partial
00140128	FUN_00140128	284	partial
00140248	GoClassA4_ctor	516	understood
00140450	GoClassA4_NewInstance	72	understood
00140498	GoClassA4_FreeInstance	88	partial
001404f0	GoClassA4_CreateFromRecord	1284	understood
001409f8	FUN_001409f8	156	unknown
00140a98	FUN_00140a98	96	partial
00140af8	FUN_00140af8	184	partial
00140bb0	FUN_00140bb0	288	partial
00140cd0	FUN_00140cd0	708	unknown
00140f98	FUN_00140f98	96	partial
00140ff8	FUN_00140ff8	548	understood
00141220	FUN_00141220	12	thunk
00141230	FUN_00141230	40	unknown
00141258	FUN_00141258	616	unknown
001414c8	FUN_001414c8	428	unknown
00141678	FUN_00141678	1884	partial
00141de0	FUN_00141de0	628	unknown
00142058	GOBank_OnCreated	956	partial
00142420	FUN_00142420	216	unknown
001424f8	FUN_001424f8	252	unknown
001425f8	FUN_001425f8	484	unknown
001427e0	FUN_001427e0	72	unknown
00142828	FUN_00142828	96	unknown
00142888	GOServer_ctor	636	understood
00142b08	GOServer_Update	80	partial
00142b58	SeqId_Assign	40	understood
00142b80	FUN_00142b80	104	partial
00142be8	FUN_00142be8	540	unknown
00142e08	FUN_00142e08	84	unknown
00142e60	FUN_00142e60	56	unknown
00142e98	FUN_00142e98	140	unknown
00142f28	FUN_00142f28	92	unknown
00142f88	FUN_00142f88	560	partial
001431c0	FUN_001431c0	428	unknown
00143370	FUN_00143370	84	unknown
001433c8	FUN_001433c8	80	unknown
00143418	FUN_00143418	136	unknown
001434a0	FUN_001434a0	276	partial
001435b8	FUN_001435b8	428	partial
00143768	FUN_00143768	92	unknown
001437c8	FUN_001437c8	184	unknown
00143880	FUN_00143880	36	thunk
001438a8	FUN_001438a8	432	unknown
00143a58	FUN_00143a58	324	unknown
00143ba0	FUN_00143ba0	288	unknown
00143cc0	FUN_00143cc0	136	unknown
00143d48	FUN_00143d48	476	unknown
00143f28	FUN_00143f28	620	unknown
00144198	FUN_00144198	592	unknown
001443e8	FUN_001443e8	500	unknown
001445e0	FUN_001445e0	628	unknown
00144858	FUN_00144858	1520	unknown
00144e48	FUN_00144e48	1552	unknown
00145458	FUN_00145458	596	unknown
001456b0	FUN_001456b0	64	unknown
001456f8	FUN_001456f8	312	unknown
00145838	FUN_00145838	236	unknown
00145928	FUN_00145928	296	unknown
00145a58	FUN_00145a58	88	thunk
00145ab0	FUN_00145ab0	64	unknown
00145af0	FUN_00145af0	936	unknown
00145e98	FUN_00145e98	68	unknown
00145ee0	FUN_00145ee0	176	unknown
00145f90	FUN_00145f90	64	unknown
00145fd0	FUN_00145fd0	64	unknown
00146010	FUN_00146010	64	unknown
00146058	FUN_00146058	76	thunk
001460b8	FUN_001460b8	172	unknown
00146178	FUN_00146178	412	partial
00146318	Mem_InitRootHeap	148	understood
001463b8	main	152	partial
00146450	FUN_00146450	136	unknown
001464e0	FUN_001464e0	272	unknown
001465f0	FUN_001465f0	432	unknown
001467a0	FUN_001467a0	120	unknown
00146818	FUN_00146818	2436	unknown
001471a8	FUN_001471a8	1364	unknown
00147700	FUN_00147700	8	thunk
00147708	FUN_00147708	1212	unknown
00147bc8	FUN_00147bc8	804	unknown
00147ef0	FUN_00147ef0	828	unknown
00148230	FUN_00148230	268	unknown
00148340	FUN_00148340	500	unknown
00148538	FUN_00148538	1124	unknown
001489a0	FUN_001489a0	144	unknown
00148a30	FUN_00148a30	192	unknown
00148af8	FUN_00148af8	252	unknown
00148bf8	FUN_00148bf8	412	unknown
00148d98	FUN_00148d98	2100	unknown
00149600	FUN_00149600	700	unknown
001498c0	FUN_001498c0	120	unknown
00149938	FUN_00149938	648	unknown
00149bc8	FUN_00149bc8	840	unknown
00149f18	FUN_00149f18	1352	unknown
0014a468	FUN_0014a468	632	unknown
0014a6e0	FUN_0014a6e0	192	unknown
0014a7a0	FUN_0014a7a0	304	unknown
0014a8d0	FUN_0014a8d0	472	unknown
0014aaa8	Mem_New	52	partial
0014aae0	Mem_Delete	32	partial
0014ab00	FUN_0014ab00	52	partial
0014ab38	FUN_0014ab38	32	partial
0014ab58	FUN_0014ab58	36	thunk
0014ab80	FUN_0014ab80	284	partial
0014aca0	FUN_0014aca0	112	unknown
0014ad10	FUN_0014ad10	248	partial
0014ae10	FUN_0014ae10	260	partial
0014af18	FUN_0014af18	16	thunk
0014af28	FUN_0014af28	432	unknown
0014b0e0	FUN_0014b0e0	136	unknown
0014b168	FUN_0014b168	80	unknown
0014b1b8	FUN_0014b1b8	116	unknown
0014b248	FUN_0014b248	220	partial
0014b328	FUN_0014b328	480	partial
0014b508	FUN_0014b508	420	partial
0014b6b0	FUN_0014b6b0	48	partial
0014b6e0	FUN_0014b6e0	148	partial
0014b778	FUN_0014b778	40	thunk
0014b7a0	FUN_0014b7a0	40	thunk
0014b7c8	FUN_0014b7c8	40	thunk
0014b7f0	FUN_0014b7f0	56	unknown
0014b828	FUN_0014b828	180	partial
0014b8e0	FUN_0014b8e0	132	unknown
0014b980	FUN_0014b980	76	partial
0014b9d0	FUN_0014b9d0	76	partial
0014ba20	FUN_0014ba20	396	unknown
0014bbb0	FUN_0014bbb0	96	unknown
0014bc20	FUN_0014bc20	60	thunk
0014bc60	FUN_0014bc60	64	thunk
0014bca0	FUN_0014bca0	348	unknown
0014be00	FUN_0014be00	172	partial
0014beb0	FUN_0014beb0	96	thunk
0014bf10	FUN_0014bf10	164	unknown
0014bfb8	FUN_0014bfb8	168	unknown
0014c060	FUN_0014c060	792	partial
0014c378	FUN_0014c378	56	unknown
0014c3b0	FUN_0014c3b0	340	partial
0014c508	FUN_0014c508	96	partial
0014c568	FUN_0014c568	40	unknown
0014c590	FUN_0014c590	124	unknown
0014c610	FUN_0014c610	72	thunk
0014c658	FUN_0014c658	400	partial
0014c7e8	FUN_0014c7e8	156	partial
0014c890	FUN_0014c890	84	unknown
0014c8e8	FUN_0014c8e8	56	unknown
0014c920	FUN_0014c920	68	unknown
0014c968	FUN_0014c968	136	unknown
0014c9f0	FUN_0014c9f0	1296	unknown
0014cf00	FUN_0014cf00	88	unknown
0014cf60	FUN_0014cf60	80	unknown
0014cfb0	FUN_0014cfb0	80	unknown
0014d000	FUN_0014d000	104	unknown
0014d068	FUN_0014d068	96	unknown
0014d0d8	FUN_0014d0d8	116	unknown
0014d150	FUN_0014d150	152	unknown
0014d1e8	FUN_0014d1e8	212	unknown
0014d2c0	FUN_0014d2c0	36	thunk
0014d2e8	FUN_0014d2e8	28	thunk
0014d308	FUN_0014d308	136	unknown
0014d390	FUN_0014d390	88	thunk
0014d3e8	FUN_0014d3e8	88	unknown
0014d440	FUN_0014d440	40	thunk
0014d468	FUN_0014d468	40	thunk
0014d498	FUN_0014d498	156	unknown
0014d538	FUN_0014d538	372	partial
0014d6b0	FUN_0014d6b0	380	partial
0014d830	FUN_0014d830	924	unknown
0014dbd0	FUN_0014dbd0	552	unknown
0014ddf8	FUN_0014ddf8	428	unknown
0014dfa8	FUN_0014dfa8	244	partial
0014e0a0	FUN_0014e0a0	536	unknown
0014e2b8	FUN_0014e2b8	160	unknown
0014e358	FUN_0014e358	36	unknown
0014e380	FUN_0014e380	372	unknown
0014e4f8	FUN_0014e4f8	372	unknown
0014e670	FUN_0014e670	372	unknown
0014e7f8	FUN_0014e7f8	508	unknown
0014e9f8	FUN_0014e9f8	136	unknown
0014ea80	FUN_0014ea80	92	unknown
0014eae0	FUN_0014eae0	88	unknown
0014eb38	FUN_0014eb38	208	unknown
0014ec08	FUN_0014ec08	408	unknown
0014eda0	FUN_0014eda0	152	unknown
0014ee38	FUN_0014ee38	804	unknown
0014f160	FUN_0014f160	84	unknown
0014f1b8	FUN_0014f1b8	112	unknown
0014f228	FUN_0014f228	168	unknown
0014f2d0	FUN_0014f2d0	132	unknown
0014f358	FUN_0014f358	1848	unknown
0014fa90	FUN_0014fa90	68	unknown
0014fad8	FUN_0014fad8	36	unknown
0014fb00	FUN_0014fb00	84	partial
0014fb58	FUN_0014fb58	52	unknown
0014fb90	FUN_0014fb90	576	partial
0014fdd0	FUN_0014fdd0	320	partial
0014ff10	FUN_0014ff10	408	unknown
001500a8	FUN_001500a8	736	unknown
00150388	FUN_00150388	96	unknown
001503e8	FUN_001503e8	516	unknown
001505f0	FUN_001505f0	24	thunk
00150608	FUN_00150608	48	thunk
00150638	FUN_00150638	436	unknown
001507f0	FUN_001507f0	1060	unknown
00150c18	FUN_00150c18	700	unknown
00150ed8	FUN_00150ed8	120	unknown
00150f50	FUN_00150f50	296	unknown
00151078	FUN_00151078	276	unknown
00151190	FUN_00151190	56	unknown
001511c8	FUN_001511c8	28	thunk
001511e8	FUN_001511e8	32	unknown
00151208	FUN_00151208	220	unknown
001512e8	FUN_001512e8	144	unknown
00151378	FUN_00151378	148	unknown
00151410	FUN_00151410	208	unknown
001514e0	FUN_001514e0	12	thunk
001514f0	FUN_001514f0	132	partial
00151578	FUN_00151578	124	unknown
001515f8	FUN_001515f8	204	unknown
001516c8	FUN_001516c8	324	unknown
00151810	FUN_00151810	68	unknown
00151858	FUN_00151858	64	unknown
001518a0	FUN_001518a0	208	unknown
00151970	FUN_00151970	88	unknown
001519c8	FUN_001519c8	88	unknown
00151a20	FUN_00151a20	88	unknown
00151a78	FUN_00151a78	172	unknown
00151b28	FUN_00151b28	92	unknown
00151b88	FUN_00151b88	76	unknown
00151bd8	FUN_00151bd8	192	unknown
00151c98	FUN_00151c98	304	unknown
00151dc8	FUN_00151dc8	80	unknown
00151e18	FUN_00151e18	456	unknown
00151fe0	FUN_00151fe0	312	unknown
00152118	FUN_00152118	196	unknown
001521e0	FUN_001521e0	88	unknown
00152238	FUN_00152238	212	unknown
00152310	FUN_00152310	128	unknown
001525e0	FUN_001525e0	200	unknown
001526a8	FUN_001526a8	284	unknown
001527c8	FUN_001527c8	8	thunk
001527d0	FUN_001527d0	3412	unknown
00153528	FUN_00153528	148	unknown
001535c0	FUN_001535c0	128	unknown
00153640	FUN_00153640	8	thunk
00153648	FUN_00153648	28	thunk
00153668	FUN_00153668	2896	partial
001541c8	FUN_001541c8	72	unknown
00154210	FUN_00154210	460	unknown
001543e0	FUN_001543e0	1468	unknown
001549a0	FUN_001549a0	1864	unknown
001550f0	FUN_001550f0	1864	unknown
00155838	FUN_00155838	48	partial
00155868	FUN_00155868	220	unknown
00155948	FUN_00155948	60	thunk
00155988	FUN_00155988	60	thunk
001559c8	FUN_001559c8	36	unknown
001559f0	FUN_001559f0	3256	unknown
001566a8	FUN_001566a8	128	partial
00156728	FUN_00156728	356	unknown
00156890	FUN_00156890	68	unknown
001568d8	FUN_001568d8	532	unknown
00156af0	FUN_00156af0	168	unknown
00156ba8	FUN_00156ba8	92	unknown
00156c08	FUN_00156c08	272	unknown
00156d18	FUN_00156d18	1976	unknown
001574d8	FUN_001574d8	460	unknown
001576a8	FUN_001576a8	80	unknown
001576f8	FUN_001576f8	216	unknown
001577d0	FUN_001577d0	540	unknown
001579f0	FUN_001579f0	36	unknown
00157a18	FUN_00157a18	696	unknown
00157cd8	FUN_00157cd8	264	unknown
00157de0	FUN_00157de0	188	unknown
00157ea0	FUN_00157ea0	780	unknown
001581b8	FUN_001581b8	12	thunk
001581e0	FUN_001581e0	28	thunk
00158210	FUN_00158210	16	thunk
00158220	FUN_00158220	480	unknown
00158400	FUN_00158400	132	unknown
00158488	FUN_00158488	24	thunk
001584a0	FUN_001584a0	232	unknown
00158588	FUN_00158588	72	unknown
001585d0	FUN_001585d0	468	unknown
001587a8	FUN_001587a8	264	unknown
001588b0	FUN_001588b0	72	unknown
001588f8	FUN_001588f8	436	partial
00158ab0	FUN_00158ab0	184	unknown
00158b68	FUN_00158b68	68	unknown
00158bb0	FUN_00158bb0	36	unknown
00158bd8	FUN_00158bd8	64	unknown
00158c18	FUN_00158c18	224	partial
00158cf8	FUN_00158cf8	40	thunk
00158d20	FUN_00158d20	56	partial
00158d58	FUN_00158d58	52	unknown
00158d90	FUN_00158d90	724	partial
00159068	FUN_00159068	128	partial
001590e8	FUN_001590e8	60	unknown
00159128	FUN_00159128	420	unknown
001592d0	FUN_001592d0	52	unknown
00159308	FUN_00159308	64	unknown
00159348	FUN_00159348	52	unknown
00159380	FUN_00159380	164	unknown
00159428	FUN_00159428	280	unknown
00159540	FUN_00159540	52	unknown
00159578	FUN_00159578	244	unknown
00159670	FUN_00159670	1024	unknown
00159a70	FUN_00159a70	328	partial
00159bc0	FUN_00159bc0	180	unknown
00159c78	FUN_00159c78	44	partial
00159ca8	FUN_00159ca8	136	unknown
00159d30	FUN_00159d30	156	unknown
00159dd8	FUN_00159dd8	92	partial
00159e38	FUN_00159e38	136	unknown
00159ec0	FUN_00159ec0	84	partial
00159f18	FUN_00159f18	24	thunk
00159f30	FUN_00159f30	216	unknown
0015a008	FUN_0015a008	244	partial
0015a100	FUN_0015a100	252	partial
0015a200	FUN_0015a200	244	unknown
0015a2f8	FUN_0015a2f8	256	unknown
0015a3f8	FUN_0015a3f8	104	unknown
0015a460	FUN_0015a460	376	partial
0015a5e0	FUN_0015a5e0	60	thunk
0015a620	FUN_0015a620	300	unknown
0015a750	FUN_0015a750	1092	unknown
0015ab98	FUN_0015ab98	84	unknown
0015abf0	FUN_0015abf0	400	unknown
0015ad80	FUN_0015ad80	592	partial
0015afd0	FUN_0015afd0	192	unknown
0015b090	FUN_0015b090	168	unknown
0015b138	FUN_0015b138	84	unknown
0015b190	FUN_0015b190	52	unknown
0015b1c8	FUN_0015b1c8	156	unknown
0015b268	FUN_0015b268	192	unknown
0015b328	FUN_0015b328	784	partial
0015b638	FUN_0015b638	1256	unknown
0015bb20	FUN_0015bb20	268	unknown
0015bc30	FUN_0015bc30	216	unknown
0015bd08	FUN_0015bd08	220	unknown
0015bde8	FUN_0015bde8	652	unknown
0015c078	FUN_0015c078	324	unknown
0015c1c0	FUN_0015c1c0	324	unknown
0015c308	FUN_0015c308	276	unknown
0015c460	FUN_0015c460	572	unknown
0015c6a0	FUN_0015c6a0	184	unknown
0015c758	FUN_0015c758	304	unknown
0015c888	FUN_0015c888	476	unknown
0015ca68	FUN_0015ca68	88	unknown
0015cac0	FUN_0015cac0	136	unknown
0015cb48	FUN_0015cb48	72	unknown
0015cb90	FUN_0015cb90	104	unknown
0015cbf8	FUN_0015cbf8	128	unknown
0015cc78	FUN_0015cc78	92	unknown
0015ccd8	FUN_0015ccd8	92	unknown
0015cd38	FUN_0015cd38	40	thunk
0015cd60	FUN_0015cd60	1404	unknown
0015d2e0	FUN_0015d2e0	112	unknown
0015d350	FUN_0015d350	264	unknown
0015d458	FUN_0015d458	300	unknown
0015d588	FUN_0015d588	304	unknown
0015d6b8	FUN_0015d6b8	136	unknown
0015d740	FUN_0015d740	1024	unknown
0015db40	FUN_0015db40	488	unknown
0015dd28	FUN_0015dd28	484	unknown
0015df10	FUN_0015df10	132	unknown
0015df98	FUN_0015df98	128	unknown
0015e020	FUN_0015e020	96	thunk
0015e080	FUN_0015e080	48	thunk
0015e0b0	FUN_0015e0b0	96	thunk
0015e110	FUN_0015e110	88	thunk
0015e168	FUN_0015e168	52	unknown
0015e1a0	FUN_0015e1a0	204	partial
0015e270	FUN_0015e270	272	unknown
0015e380	FUN_0015e380	200	unknown
0015e448	FUN_0015e448	248	unknown
0015e540	FUN_0015e540	520	unknown
0015e748	FUN_0015e748	108	unknown
0015e7b8	FUN_0015e7b8	72	unknown
0015e800	FUN_0015e800	192	unknown
0015e8c0	FUN_0015e8c0	1556	unknown
0015eed8	FUN_0015eed8	300	partial
0015f008	FUN_0015f008	208	unknown
0015f0d8	FUN_0015f0d8	160	unknown
0015f178	FUN_0015f178	456	unknown
0015f340	FUN_0015f340	104	unknown
0015f3a8	FUN_0015f3a8	720	unknown
0015f678	FUN_0015f678	8	thunk
0015f680	FUN_0015f680	28	thunk
0015f6a0	FUN_0015f6a0	368	unknown
0015f810	FUN_0015f810	60	unknown
0015f860	FUN_0015f860	776	unknown
0015fb70	FUN_0015fb70	32	thunk
0015fb90	FUN_0015fb90	164	partial
0015fc38	FUN_0015fc38	24	thunk
0015fc50	FUN_0015fc50	24	thunk
0015fc68	FUN_0015fc68	276	partial
0015fd80	FUN_0015fd80	96	partial
0015fde0	FUN_0015fde0	180	unknown
0015fe98	FUN_0015fe98	212	unknown
0015ff70	FUN_0015ff70	180	unknown
00160028	FUN_00160028	92	unknown
00160088	FUN_00160088	2372	unknown
001609e0	FUN_001609e0	136	unknown
00160a68	FUN_00160a68	352	partial
00160bc8	RenMaster_NewServer	260	understood
00160cd0	FUN_00160cd0	1324	partial
00161200	FUN_00161200	60	unknown
00161240	FUN_00161240	404	partial
001613d8	FUN_001613d8	464	unknown
001615a8	FUN_001615a8	8	thunk
001615b0	FUN_001615b0	716	unknown
00161880	FUN_00161880	448	unknown
00161a40	FUN_00161a40	136	unknown
00161ac8	FUN_00161ac8	8	thunk
00161ad0	FUN_00161ad0	28	thunk
00161af0	FUN_00161af0	1324	unknown
00162028	FUN_00162028	328	unknown
00162170	FUN_00162170	548	unknown
00162398	FUN_00162398	280	unknown
001624b0	FUN_001624b0	980	partial
00162888	FUN_00162888	892	partial
00162c08	FUN_00162c08	920	partial
00162fa0	MatBank_CreateFromRecord	72	partial
00162fe8	FUN_00162fe8	136	partial
00163070	FUN_00163070	104	unknown
001630d8	FUN_001630d8	80	unknown
00163128	FUN_00163128	76	unknown
00163178	FUN_00163178	108	unknown
001631e8	FUN_001631e8	68	unknown
00163230	FUN_00163230	104	unknown
00163298	FUN_00163298	72	unknown
001632e0	FUN_001632e0	72	unknown
00163338	FUN_00163338	644	unknown
001635c0	FUN_001635c0	220	unknown
001636a0	FUN_001636a0	224	unknown
00163780	FUN_00163780	232	unknown
00163870	FUN_00163870	1228	unknown
00163d40	FUN_00163d40	356	unknown
00163ea8	FUN_00163ea8	168	unknown
00163f58	FUN_00163f58	392	partial
001640e0	FUN_001640e0	228	unknown
001641c8	FUN_001641c8	348	unknown
00164328	FUN_00164328	664	partial
001645c0	FUN_001645c0	548	unknown
001647e8	FUN_001647e8	544	unknown
00164a08	FUN_00164a08	52	thunk
00164a40	FUN_00164a40	116	unknown
00164ab8	FUN_00164ab8	76	unknown
00164b08	FUN_00164b08	124	unknown
00164b88	FUN_00164b88	48	unknown
00164bb8	FUN_00164bb8	156	unknown
00164c58	FUN_00164c58	152	unknown
00164cf0	FUN_00164cf0	1176	unknown
00165188	FUN_00165188	592	unknown
001653f8	FUN_001653f8	120	unknown
00165470	FUN_00165470	92	unknown
001654d0	FUN_001654d0	576	partial
00165710	FUN_00165710	216	partial
001657e8	FUN_001657e8	260	unknown
001658f0	FUN_001658f0	112	unknown
00165960	FUN_00165960	1844	unknown
001660a0	FUN_001660a0	1324	unknown
001665d0	FUN_001665d0	1304	unknown
00166ae8	FUN_00166ae8	608	unknown
00166d50	FUN_00166d50	760	unknown
00167048	FUN_00167048	2324	unknown
00167960	FUN_00167960	1092	unknown
00167da8	FUN_00167da8	680	unknown
00168050	FUN_00168050	76	thunk
001680a0	FUN_001680a0	188	unknown
00168160	FUN_00168160	8	thunk
00168168	FUN_00168168	292	partial
00168290	FUN_00168290	248	unknown
00168388	FUN_00168388	100	unknown
001683f0	FUN_001683f0	332	unknown
00168540	FUN_00168540	264	unknown
00168648	FUN_00168648	160	unknown
001686e8	FUN_001686e8	176	unknown
00168798	FUN_00168798	276	unknown
001688b0	FUN_001688b0	336	unknown
00168a00	FUN_00168a00	128	unknown
00168a80	FUN_00168a80	64	unknown
00168ac0	FUN_00168ac0	908	unknown
00168e50	FUN_00168e50	256	partial
00168f50	FUN_00168f50	1932	understood
001696e8	FUN_001696e8	312	unknown
00169820	FUN_00169820	140	unknown
001698b0	FUN_001698b0	184	unknown
00169968	FUN_00169968	116	unknown
001699e0	FUN_001699e0	152	partial
00169a78	FUN_00169a78	80	unknown
00169ac8	FUN_00169ac8	656	unresolved
00169d58	FUN_00169d58	92	unknown
00169db8	FUN_00169db8	92	unknown
00169e18	FUN_00169e18	108	unknown
00169e88	FUN_00169e88	424	partial
0016a038	FUN_0016a038	12	thunk
0016a048	FUN_0016a048	68	unknown
0016a098	FUN_0016a098	76	unknown
0016a0e8	FUN_0016a0e8	12	thunk
0016a0f8	FUN_0016a0f8	368	unknown
0016a268	FUN_0016a268	452	unknown
0016a430	FUN_0016a430	52	partial
0016a468	FUN_0016a468	68	unknown
0016a4b0	FUN_0016a4b0	28	unknown
0016a4d0	FUN_0016a4d0	72	unknown
0016a518	FUN_0016a518	36	thunk
0016a540	FUN_0016a540	28	thunk
0016a560	FUN_0016a560	20	thunk
0016a578	FUN_0016a578	3148	unknown
0016b1d8	FUN_0016b1d8	1448	unknown
0016b780	FUN_0016b780	308	partial
0016b8b8	FUN_0016b8b8	40	thunk
0016b8e0	FUN_0016b8e0	8	thunk
0016b8e8	FUN_0016b8e8	452	partial
0016bab0	FUN_0016bab0	96	unknown
0016bb10	FUN_0016bb10	68	partial
0016bb58	FUN_0016bb58	28	thunk
0016bb78	FUN_0016bb78	48	unknown
0016bba8	FUN_0016bba8	80	unknown
0016bbf8	FUN_0016bbf8	96	unknown
0016bc58	FUN_0016bc58	224	partial
0016bd38	FUN_0016bd38	56	partial
0016bd70	FUN_0016bd70	52	unknown
0016bda8	FUN_0016bda8	208	unknown
0016be78	FUN_0016be78	224	unknown
0016bf58	FUN_0016bf58	576	partial
0016c198	FUN_0016c198	108	partial
0016c208	FUN_0016c208	140	unknown
0016c2a0	FUN_0016c2a0	8	thunk
0016c2a8	FUN_0016c2a8	272	unknown
0016c3b8	FUN_0016c3b8	48	thunk
0016c3e8	FUN_0016c3e8	4696	unresolved
0016d690	FUN_0016d690	64	unknown
0016d6d0	FUN_0016d6d0	112	unknown
0016d740	FUN_0016d740	2848	partial
0016e260	FUN_0016e260	8	thunk
0016e268	FUN_0016e268	84	unknown
0016e2c0	FUN_0016e2c0	36	unknown
0016e2e8	FUN_0016e2e8	472	unknown
0016e4c0	FUN_0016e4c0	248	unknown
0016e5b8	FUN_0016e5b8	96	unknown
0016e618	FUN_0016e618	264	unknown
0016e720	FUN_0016e720	644	unknown
0016e9a8	FUN_0016e9a8	1036	unknown
0016edb8	FUN_0016edb8	2280	unknown
0016f6a0	FUN_0016f6a0	764	unknown
0016f9a0	FUN_0016f9a0	924	unknown
0016fd40	FUN_0016fd40	128	partial
0016fdc0	FUN_0016fdc0	252	unknown
0016fec0	FUN_0016fec0	116	partial
0016ff38	FUN_0016ff38	416	partial
001700d8	FUN_001700d8	92	unknown
00170138	FUN_00170138	316	unknown
00170278	FUN_00170278	112	unknown
001702e8	FUN_001702e8	40	unknown
00170310	FUN_00170310	48	unknown
00170340	FUN_00170340	88	unknown
00170398	FUN_00170398	140	unknown
00170428	FUN_00170428	20	thunk
00170440	FUN_00170440	28	thunk
00170460	FUN_00170460	640	unknown
001706e0	FUN_001706e0	1592	unknown
00170d20	FUN_00170d20	148	unknown
00170db8	FUN_00170db8	9556	unknown
00173310	FUN_00173310	616	partial
00173578	FUN_00173578	40	thunk
001735a0	FUN_001735a0	320	partial
001736e0	FUN_001736e0	948	unknown
00173a98	FUN_00173a98	132	unknown
00173b20	FUN_00173b20	8	thunk
00173b28	FUN_00173b28	1924	partial
001742b0	FUN_001742b0	64	unknown
001742f0	FUN_001742f0	740	unknown
001745d8	Texture_ctor	292	understood
00174700	FUN_00174700	1264	unknown
00174bf0	FUN_00174bf0	176	unknown
00174ca0	FUN_00174ca0	112	unknown
00174d10	FUN_00174d10	112	unknown
00174d80	FUN_00174d80	68	unknown
00174dc8	FUN_00174dc8	108	unknown
00174e38	FUN_00174e38	44	partial
00174e68	FUN_00174e68	764	unknown
00175168	FUN_00175168	764	unknown
00175468	FUN_00175468	196	unknown
00175530	FUN_00175530	72	partial
00175578	FUN_00175578	404	unknown
00175710	FUN_00175710	136	unknown
00175798	FUN_00175798	8	thunk
001757a0	FUN_001757a0	132	unknown
00175828	FUN_00175828	400	unknown
001759c0	FUN_001759c0	2928	partial
00176538	FUN_00176538	64	unknown
00176578	FUN_00176578	1048	unknown
00176998	FUN_00176998	396	unknown
00176b28	FUN_00176b28	32	thunk
00176b48	FUN_00176b48	232	unknown
00176c30	FUN_00176c30	324	unknown
00176d78	FUN_00176d78	332	unknown
00176ec8	FUN_00176ec8	164	partial
00176f70	FUN_00176f70	116	partial
00176fe8	FUN_00176fe8	268	unknown
001770f8	FUN_001770f8	276	unknown
00177210	FUN_00177210	556	unknown
00177440	FUN_00177440	628	partial
001776b8	FUN_001776b8	260	unknown
001777c0	FUN_001777c0	36	thunk
001777e8	FUN_001777e8	1236	unknown
00177cc0	FUN_00177cc0	148	unknown
00177d58	FUN_00177d58	212	unknown
00177e30	FUN_00177e30	212	unknown
00177f18	FUN_00177f18	316	unknown
00178058	FUN_00178058	152	unknown
001780f0	FUN_001780f0	144	unknown
00178180	FUN_00178180	1616	unknown
001787d0	FUN_001787d0	8	thunk
001787d8	FUN_001787d8	8	thunk
001787e0	FUN_001787e0	92	unknown
00178840	FUN_00178840	184	unknown
001788f8	FUN_001788f8	176	partial
001789a8	FUN_001789a8	336	partial
00178af8	FUN_00178af8	204	unknown
00178bc8	FUN_00178bc8	960	partial
00178f88	FUN_00178f88	152	partial
00179028	FUN_00179028	76	partial
00179078	FUN_00179078	56	partial
001790b0	FUN_001790b0	324	unknown
001791f8	FUN_001791f8	48	partial
00179228	FUN_00179228	208	partial
001792f8	FUN_001792f8	56	unknown
00179338	FUN_00179338	1300	unknown
00179850	FUN_00179850	148	unknown
001798e8	FUN_001798e8	8	thunk
00179908	FUN_00179908	60	unknown
00179948	FUN_00179948	776	unknown
00179c50	FUN_00179c50	436	unknown
00179e08	FUN_00179e08	1164	unknown
0017a2a8	FUN_0017a2a8	1168	unknown
0017a738	FUN_0017a738	8	thunk
0017a740	FUN_0017a740	140	unknown
0017a7d0	FUN_0017a7d0	8	thunk
0017a7d8	FUN_0017a7d8	392	unknown
0017a968	FUN_0017a968	440	unknown
0017ab28	FUN_0017ab28	1236	unknown
0017b000	FUN_0017b000	640	unknown
0017b288	FUN_0017b288	884	unknown
0017b600	FUN_0017b600	1388	unknown
0017bb70	FUN_0017bb70	12	thunk
0017bb80	FUN_0017bb80	104	unknown
0017bbe8	FUN_0017bbe8	3620	unknown
0017ca80	FUN_0017ca80	192	unknown
0017cb40	FUN_0017cb40	180	unknown
0017cbf8	FUN_0017cbf8	116	unknown
0017cc70	FUN_0017cc70	44	thunk
0017cca0	FUN_0017cca0	96	unknown
0017cd00	FUN_0017cd00	536	partial
0017cf18	FUN_0017cf18	192	unknown
0017cfd8	FUN_0017cfd8	156	unknown
0017d078	FUN_0017d078	104	unknown
0017d0e0	FUN_0017d0e0	8	thunk
0017d0e8	FUN_0017d0e8	108	unknown
0017d158	FUN_0017d158	92	unknown
0017d1b8	FUN_0017d1b8	84	unknown
0017d210	FUN_0017d210	84	unknown
0017d280	FUN_0017d280	360	partial
0017d3e8	FUN_0017d3e8	84	partial
0017d440	FUN_0017d440	100	unknown
0017d4a8	FUN_0017d4a8	124	unknown
0017d528	FUN_0017d528	252	unknown
0017d628	FUN_0017d628	56	unknown
0017d660	FUN_0017d660	84	unknown
0017d6b8	FUN_0017d6b8	32	thunk
0017d6d8	FUN_0017d6d8	124	unknown
0017d758	FUN_0017d758	200	partial
0017d820	FUN_0017d820	56	unknown
0017d858	FUN_0017d858	96	unknown
0017d8b8	FUN_0017d8b8	120	unknown
0017d930	FUN_0017d930	56	partial
0017d968	FUN_0017d968	204	unknown
0017da40	FUN_0017da40	28	unknown
0017da60	FUN_0017da60	120	unknown
0017dad8	FUN_0017dad8	112	unknown
0017db48	FUN_0017db48	12	thunk
0017db58	FUN_0017db58	380	unknown
0017dcd8	FUN_0017dcd8	148	unknown
0017dd70	FUN_0017dd70	88	unknown
0017ddc8	FUN_0017ddc8	88	unknown
0017de20	FUN_0017de20	2328	unknown
0017e738	FUN_0017e738	24	thunk
0017e750	FUN_0017e750	140	unknown
0017e7e0	FUN_0017e7e0	8	thunk
0017e7e8	FUN_0017e7e8	8	thunk
0017e7f0	FUN_0017e7f0	28	thunk
0017e810	FUN_0017e810	8	thunk
0017e818	FUN_0017e818	36	thunk
0017e848	FUN_0017e848	148	unknown
0017e8e0	FUN_0017e8e0	160	unknown
0017e988	FUN_0017e988	80	partial
0017e9d8	FUN_0017e9d8	660	unknown
0017ec70	FUN_0017ec70	64	unknown
0017ecb0	FUN_0017ecb0	48	unknown
0017ece0	FUN_0017ece0	116	partial
0017ed58	FUN_0017ed58	60	unknown
0017ed98	FUN_0017ed98	68	unknown
0017edf0	FUN_0017edf0	152	unknown
0017ee88	FUN_0017ee88	616	partial
0017f0f0	FUN_0017f0f0	128	partial
0017f170	FUN_0017f170	580	unknown
0017f3c0	FUN_0017f3c0	168	partial
0017f468	FUN_0017f468	128	partial
0017f4e8	FUN_0017f4e8	36	thunk
0017f510	FUN_0017f510	88	unknown
0017f568	FUN_0017f568	16	thunk
0017f578	FUN_0017f578	36	unknown
0017f5a0	FUN_0017f5a0	24	thunk
0017f5b8	FUN_0017f5b8	76	unknown
0017f608	FUN_0017f608	20	thunk
0017f620	FUN_0017f620	64	unknown
0017f668	FUN_0017f668	284	unknown
0017f788	FUN_0017f788	396	partial
0017f918	FUN_0017f918	156	partial
0017f9b8	FUN_0017f9b8	84	unknown
0017fa10	FUN_0017fa10	72	unknown
0017fa58	FUN_0017fa58	68	unknown
0017faa0	FUN_0017faa0	32	thunk
0017fac0	FUN_0017fac0	32	thunk
0017fae0	FUN_0017fae0	68	unknown
0017fb28	FUN_0017fb28	84	unknown
0017fb80	FUN_0017fb80	332	partial
0017fcd0	FUN_0017fcd0	40	thunk
0017fcf8	FUN_0017fcf8	380	partial
0017fe78	FUN_0017fe78	192	unknown
0017ff38	FUN_0017ff38	144	partial
0017ffc8	FUN_0017ffc8	52	unknown
00180000	FUN_00180000	32	thunk
00180020	FUN_00180020	32	thunk
00180040	FUN_00180040	12	thunk
00180050	FUN_00180050	80	unknown
001800a0	FUN_001800a0	24	thunk
001800b8	FUN_001800b8	96	unknown
00180118	FUN_00180118	24	thunk
00180130	FUN_00180130	56	unknown
00180188	FUN_00180188	952	partial
00180540	FUN_00180540	72	unknown
00180588	FUN_00180588	320	partial
001806c8	FUN_001806c8	1332	unknown
00180c00	FUN_00180c00	280	unknown
00180d18	FUN_00180d18	16	thunk
00180d28	FUN_00180d28	292	unknown
00180e50	FUN_00180e50	300	partial
00180f80	FUN_00180f80	8	thunk
00180f88	FUN_00180f88	8	thunk
00180f90	FUN_00180f90	144	unknown
00181028	FUN_00181028	80	unknown
00181078	FUN_00181078	72	partial
001810c0	FUN_001810c0	8	thunk
001810c8	FUN_001810c8	44	unknown
001810f8	FUN_001810f8	148	partial
00181190	FUN_00181190	244	partial
00181288	FUN_00181288	344	unknown
001813e8	FUN_001813e8	60	unknown
00181428	FUN_00181428	84	understood
00181480	FUN_00181480	76	unknown
001814d0	FUN_001814d0	100	partial
00181538	FUN_00181538	100	unknown
001815a0	FUN_001815a0	76	unknown
001815f0	FUN_001815f0	128	unknown
00181670	FUN_00181670	68	unknown
001816b8	FUN_001816b8	12	thunk
001816c8	FUN_001816c8	32	thunk
001816e8	FUN_001816e8	96	partial
00181748	FUN_00181748	40	thunk
00181770	FUN_00181770	24	thunk
00181788	FUN_00181788	16	thunk
00181798	FUN_00181798	32	thunk
001817b8	FUN_001817b8	32	thunk
001817d8	FUN_001817d8	40	partial
00181800	FUN_00181800	44	unknown
00181830	FUN_00181830	44	thunk
00181860	FUN_00181860	72	partial
001818a8	FUN_001818a8	120	partial
00181920	FUN_00181920	112	unknown
00181990	FUN_00181990	84	unknown
001819e8	FUN_001819e8	104	unknown
00181a50	FUN_00181a50	180	unknown
00181b08	FUN_00181b08	200	unknown
00181bd0	FUN_00181bd0	120	partial
00181c48	FUN_00181c48	136	unknown
00181cd0	FUN_00181cd0	236	unknown
00181dc8	FUN_00181dc8	372	unknown
00181f40	FUN_00181f40	44	unknown
00181f70	FUN_00181f70	180	unknown
00182028	FUN_00182028	56	unknown
00182060	FUN_00182060	372	unknown
001821d8	FUN_001821d8	40	thunk
00182200	FUN_00182200	88	unknown
00182258	FUN_00182258	372	unknown
001823d0	FUN_001823d0	40	thunk
001823f8	FUN_001823f8	180	partial
001824b0	FUN_001824b0	36	thunk
001824d8	FUN_001824d8	40	thunk
00182500	FUN_00182500	1816	unknown
00182c18	FUN_00182c18	1816	unknown
00183330	FUN_00183330	332	unknown
00183480	FUN_00183480	332	unknown
001835d0	FUN_001835d0	160	unknown
00183670	FUN_00183670	752	unknown
00183968	FUN_00183968	3480	unknown
00184708	FUN_00184708	3148	unknown
00185358	FUN_00185358	992	unknown
00185748	WadTag_Object	544	understood
00185968	WadTag_GroupStart	16	understood
00185978	WadTag_GroupEnd	116	understood
001859f0	WadTag_ActivateByName	136	partial
00185a78	FUN_00185a78	64	thunk
00185ab8	FUN_00185ab8	36	thunk
00185ae0	FUN_00185ae0	72	unknown
00185b28	FUN_00185b28	36	thunk
00185b50	FUN_00185b50	40	thunk
00185b78	FUN_00185b78	88	partial
00185bd0	FUN_00185bd0	12	thunk
00185be0	Master_NewServer	3680	understood
00186a40	FUN_00186a40	16	thunk
00186a50	FUN_00186a50	252	unknown
00186b50	FUN_00186b50	244	partial
00186c48	FUN_00186c48	236	unknown
00186d38	FUN_00186d38	204	unknown
00186e08	FUN_00186e08	248	unknown
00186f00	FUN_00186f00	20	thunk
00186f18	ServerTable_Init	300	understood
00187048	Root_NewMasterServer	224	understood
00187128	FUN_00187128	200	partial
001871f8	Obj_FindByName	168	partial
001872a0	FUN_001872a0	168	partial
00187348	FUN_00187348	64	partial
00187388	Engine_UpdateServers	132	partial
00187410	FUN_00187410	84	unknown
00187468	FUN_00187468	48	partial
00187498	FUN_00187498	112	partial
00187508	FUN_00187508	52	partial
00187540	Engine_Frame	44	partial
00187570	Engine_MainLoop	68	partial
001875d0	FUN_001875d0	12	thunk
001875e0	FUN_001875e0	80	partial
00187630	FUN_00187630	296	unknown
00187758	FUN_00187758	32	thunk
00187788	FUN_00187788	8	thunk
00187790	FUN_00187790	32	thunk
001877b0	FUN_001877b0	80	partial
00187848	FUN_00187848	332	unknown
00187998	FUN_00187998	44	unknown
001879c8	FUN_001879c8	140	partial
00187a58	FUN_00187a58	72	unknown
00187ac0	FUN_00187ac0	220	unknown
00187ba8	FUN_00187ba8	64	unknown
00187bf0	FUN_00187bf0	88	unknown
00187c48	FUN_00187c48	12	thunk
00187c58	FUN_00187c58	88	unknown
00187ce8	FUN_00187ce8	72	unknown
00187d30	FUN_00187d30	48	unknown
00187d60	FUN_00187d60	16	thunk
00187d70	FUN_00187d70	8	thunk
00187d78	FUN_00187d78	224	unknown
00187e58	FUN_00187e58	1080	unknown
00188290	FUN_00188290	148	partial
00188328	FUN_00188328	112	partial
00188398	FUN_00188398	8	thunk
001883a0	FUN_001883a0	588	unknown
001885f8	FUN_001885f8	184	unknown
001886b0	FUN_001886b0	416	partial
00188850	FUN_00188850	104	unknown
001888b8	FUN_001888b8	152	unknown
00188950	FUN_00188950	76	unknown
001889a0	FUN_001889a0	88	unknown
001889f8	FUN_001889f8	88	unknown
00188a50	FUN_00188a50	24	unknown
00188a68	FUN_00188a68	92	partial
00188ac8	FUN_00188ac8	88	partial
00188b20	FUN_00188b20	80	unknown
00188b70	FUN_00188b70	52	unknown
00188ba8	FUN_00188ba8	608	unknown
00188e08	FUN_00188e08	124	partial
00188e88	FUN_00188e88	36	thunk
00188eb0	FUN_00188eb0	484	unknown
00189098	BootWad_DispatchRecord	92	understood
001890f8	BootWad_WriteName	104	understood
00189160	BootWad_BeginRecord	116	understood
001891d8	BootWad_EmitEmpty	36	understood
00189200	BootWad_BeginObject	116	understood
00189278	BootWad_EndAndProcess	88	understood
001892d0	FUN_001892d0	468	partial
001894a8	FUN_001894a8	404	partial
00189640	BootWad_AddServer4	228	understood
00189728	BootWad_AddServer6	324	understood
00189870	BootWad_BeginInstance	296	understood
00189998	FUN_00189998	80	thunk
001899e8	Boot_CreateEngineBank	296	partial
00189b10	Boot_CreateServersAndEngineResources	1488	understood
0018a0e0	Time_UpdateFrameRate	396	partial
0018a278	GS_IntcHandler	176	partial
0018a328	GS_InstallIntcHandler	96	partial
0018a388	GS_RemoveIntcHandler	64	partial
0018a3c8	VBlankStart_Handler	64	partial
0018a408	VBlank_InstallHandler	68	partial
0018a450	VBlank_RemoveHandler	44	partial
0018a490	FUN_0018a490	148	partial
0018a528	FUN_0018a528	88	partial
0018a580	FUN_0018a580	140	partial
0018a610	FUN_0018a610	44	unknown
0018a650	FUN_0018a650	492	unknown
0018a840	FUN_0018a840	68	unknown
0018a888	FUN_0018a888	44	partial
0018a8b8	FUN_0018a8b8	1108	unknown
0018ad10	FUN_0018ad10	28	thunk
0018ad30	FUN_0018ad30	20	thunk
0018ad48	FUN_0018ad48	32	thunk
0018ad68	FUN_0018ad68	12	thunk
0018ad78	FUN_0018ad78	20	thunk
0018ad90	FUN_0018ad90	20	thunk
0018ada8	FUN_0018ada8	20	thunk
0018adc0	FUN_0018adc0	12	thunk
0018add0	FUN_0018add0	88	unknown
0018ae28	FUN_0018ae28	120	partial
0018aea0	FUN_0018aea0	180	unknown
0018af58	FUN_0018af58	184	unknown
0018b010	FUN_0018b010	208	unknown
0018b0e0	FUN_0018b0e0	56	unknown
0018b118	FUN_0018b118	44	unknown
0018b148	FUN_0018b148	184	unknown
0018b200	FUN_0018b200	204	unknown
0018b2d0	FUN_0018b2d0	164	unknown
0018b378	FUN_0018b378	164	unknown
0018b420	FUN_0018b420	148	unknown
0018b4b8	FUN_0018b4b8	680	unknown
0018b768	FUN_0018b768	344	unknown
0018b8c0	FUN_0018b8c0	80	thunk
0018b910	FUN_0018b910	236	unknown
0018ba00	FUN_0018ba00	236	unknown
0018baf0	FUN_0018baf0	236	unknown
0018bbe0	FUN_0018bbe0	224	unknown
0018bcc0	FUN_0018bcc0	380	unknown
0018be40	FUN_0018be40	84	unknown
0018be98	FUN_0018be98	132	unknown
0018bf20	FUN_0018bf20	1316	unknown
0018c448	FUN_0018c448	112	unknown
0018c4b8	FUN_0018c4b8	812	unknown
0018c7e8	FUN_0018c7e8	164	unknown
0018c890	FUN_0018c890	188	unknown
0018c950	FUN_0018c950	524	unknown
0018cb68	FUN_0018cb68	116	partial
0018cbe0	FUN_0018cbe0	32	thunk
0018cc00	Wad_InitLoader	540	partial
0018ce38	FUN_0018ce38	308	partial
0018cf70	Wad_StreamUpdate	1252	partial
0018d460	FUN_0018d460	196	unknown
0018d528	FUN_0018d528	428	partial
0018d6d8	Wad_DispatchRecord	92	understood
0018d738	Wad_DispatchRecordNoPayload	28	understood
0018d758	Wad_StashRecord	88	understood
0018d7b0	FUN_0018d7b0	12	thunk
0018d7c0	FUN_0018d7c0	56	partial
0018d7f8	FUN_0018d7f8	116	partial
0018d870	FUN_0018d870	124	partial
0018d8f0	FUN_0018d8f0	148	partial
0018d988	Wad_SetTagHandler	24	understood
0018d9a0	Wad_GetTagHandler	24	understood
0018d9b8	FUN_0018d9b8	404	partial
0018db50	FUN_0018db50	208	unknown
0018dc20	FUN_0018dc20	152	unknown
0018dcb8	FUN_0018dcb8	260	unknown
0018ddc0	Wad_FindByNameRecursive	212	partial
0018de98	FUN_0018de98	212	partial
0018df70	FUN_0018df70	556	partial
0018e1a0	FUN_0018e1a0	1012	partial
0018e598	FUN_0018e598	748	unknown
0018e888	FUN_0018e888	680	unknown
0018eb30	FUN_0018eb30	284	partial
0018ec58	FUN_0018ec58	56	unknown
0018ec90	FUN_0018ec90	72	unknown
0018ecd8	FUN_0018ecd8	96	partial
0018ed38	FUN_0018ed38	92	partial
0018ed98	FUN_0018ed98	100	unknown
0018ee00	FUN_0018ee00	8	thunk
0018ee08	FUN_0018ee08	220	unknown
0018eee8	FUN_0018eee8	244	unknown
0018efe0	FUN_0018efe0	328	partial
0018f128	FUN_0018f128	140	partial
0018f1b8	FUN_0018f1b8	116	unknown
0018f230	FUN_0018f230	104	partial
0018f298	FUN_0018f298	28	unknown
0018f2b8	FUN_0018f2b8	40	unknown
0018f2e0	FUN_0018f2e0	272	partial
0018f3f0	FUN_0018f3f0	92	partial
0018f450	FUN_0018f450	304	unknown
0018f588	FUN_0018f588	232	partial
0018f670	FUN_0018f670	176	unknown
0018f720	FUN_0018f720	136	unknown
0018f7a8	FUN_0018f7a8	292	partial
0018f8d0	FUN_0018f8d0	52	unknown
0018f908	FUN_0018f908	576	partial
0018fb48	FUN_0018fb48	40	thunk
0018fb70	FUN_0018fb70	320	partial
0018fcb0	FUN_0018fcb0	240	unknown
0018fda0	FUN_0018fda0	104	unknown
0018fe08	FUN_0018fe08	120	unknown
0018fe80	FUN_0018fe80	204	unknown
0018ff50	FUN_0018ff50	100	unknown
0018ffb8	FUN_0018ffb8	348	unknown
00190118	FUN_00190118	116	unknown
00190190	FUN_00190190	84	unknown
001901e8	FUN_001901e8	236	unknown
001902d8	FUN_001902d8	424	unknown
00190488	FUN_00190488	568	unknown
001906d0	FUN_001906d0	816	unknown
00190a08	FUN_00190a08	284	unknown
00190b28	FUN_00190b28	20	thunk
00190b40	FUN_00190b40	836	partial
00190e88	FUN_00190e88	84	unknown
00190ee0	FUN_00190ee0	20	thunk
00190ef8	FUN_00190ef8	16	thunk
00190f08	FUN_00190f08	12	thunk
00190f18	FUN_00190f18	16	thunk
00190f28	FUN_00190f28	252	unknown
00191028	FUN_00191028	124	unknown
001910a8	FUN_001910a8	2188	unknown
00191950	FUN_00191950	64	unknown
00191990	FUN_00191990	152	unknown
00191a28	FUN_00191a28	132	thunk
00191ab0	FUN_00191ab0	164	unknown
00191b58	FUN_00191b58	120	unknown
00191bd0	FUN_00191bd0	116	unknown
00191c48	FUN_00191c48	28	thunk
00191c68	FUN_00191c68	52	unknown
00191ca0	FUN_00191ca0	1456	unknown
00192258	FUN_00192258	1132	unknown
001926c8	FUN_001926c8	196	unknown
00192790	FUN_00192790	224	unknown
00192870	FUN_00192870	368	unknown
001929e0	FUN_001929e0	456	unknown
00192ba8	FUN_00192ba8	304	unknown
00192ce0	FUN_00192ce0	52	unknown
00192d20	FUN_00192d20	572	unknown
00192f60	FUN_00192f60	12	thunk
00192f70	FUN_00192f70	72	unknown
00192fb8	FUN_00192fb8	12	thunk
00192fc8	FUN_00192fc8	8	thunk
00192fd0	FUN_00192fd0	52	thunk
00193008	FUN_00193008	300	partial
00193138	FUN_00193138	64	unknown
00193178	FUN_00193178	72	unknown
001931c0	FUN_001931c0	32	thunk
001931e0	FUN_001931e0	56	dead
00193218	FUN_00193218	676	unknown
001934c0	FUN_001934c0	192	unknown
00193580	FUN_00193580	40	unknown
001935a8	FUN_001935a8	392	unknown
00193730	FUN_00193730	328	unknown
00193878	FUN_00193878	276	unknown
00193990	FUN_00193990	400	unknown
00193ca8	FUN_00193ca8	120	unknown
00193d20	FUN_00193d20	80	unknown
00193d70	FUN_00193d70	172	partial
00193e20	FUN_00193e20	132	unknown
00193ea8	FUN_00193ea8	1056	unknown
001942d0	FUN_001942d0	892	partial
00194650	FUN_00194650	200	unknown
00194718	FUN_00194718	176	unknown
001947c8	FUN_001947c8	736	unknown
00194ab0	FUN_00194ab0	1284	partial
00194fb8	FUN_00194fb8	60	unknown
00194ff8	FUN_00194ff8	60	unknown
00195038	FUN_00195038	136	dead
001950c0	FUN_001950c0	36	unknown
001950e8	FUN_001950e8	216	unknown
001951c8	FUN_001951c8	100	unknown
00195230	FUN_00195230	192	unknown
001952f0	FUN_001952f0	104	unknown
00195358	FUN_00195358	396	unknown
001954e8	FUN_001954e8	632	unknown
00195760	FUN_00195760	1652	unknown
00195dd8	FUN_00195dd8	836	unknown
00196120	FUN_00196120	244	unknown
00196218	FUN_00196218	168	dead
001962c0	FUN_001962c0	128	unknown
00196340	FUN_00196340	40	thunk
00196390	FUN_00196390	232	unknown
00196478	FUN_00196478	180	unknown
00196530	FUN_00196530	144	unknown
001965c0	FUN_001965c0	224	partial
001966a0	FUN_001966a0	92	unknown
00196700	FUN_00196700	504	unknown
001968f8	FUN_001968f8	188	partial
001969b8	FUN_001969b8	80	unknown
00196a08	FUN_00196a08	56	unknown
00196a40	FUN_00196a40	108	partial
00196ab0	FUN_00196ab0	64	unknown
00196af0	FUN_00196af0	72	unknown
00196b38	FUN_00196b38	728	unknown
00196e18	FUN_00196e18	196	unknown
00196ee0	FUN_00196ee0	1212	unknown
001973a0	FUN_001973a0	180	unknown
00197458	FUN_00197458	176	unknown
00197508	FUN_00197508	616	unknown
00197770	FUN_00197770	500	unknown
00197968	FUN_00197968	40	thunk
00197990	FUN_00197990	20	thunk
001979a8	FUN_001979a8	64	unknown
001979e8	FUN_001979e8	72	unknown
00197a30	FUN_00197a30	420	unknown
00197bd8	FUN_00197bd8	324	unknown
00197d20	FUN_00197d20	64	unknown
00197d60	FUN_00197d60	72	unknown
00197da8	FUN_00197da8	56	unknown
00197de0	FUN_00197de0	420	unknown
00197f88	FUN_00197f88	84	unknown
00197fe0	FUN_00197fe0	2912	unknown
00198b50	FUN_00198b50	376	unknown
00198cc8	FUN_00198cc8	2908	unknown
00199838	FUN_00199838	220	unknown
00199918	FUN_00199918	1216	unknown
00199de0	FUN_00199de0	548	unknown
0019a008	FUN_0019a008	40	thunk
0019a030	FUN_0019a030	184	unknown
0019a0e8	FUN_0019a0e8	116	unknown
0019a160	FUN_0019a160	284	unknown
0019a280	FUN_0019a280	1564	unknown
0019a8a8	FUN_0019a8a8	184	unknown
0019a960	FUN_0019a960	104	unknown
0019a9c8	FUN_0019a9c8	272	unknown
0019aad8	FUN_0019aad8	40	thunk
0019ab00	FUN_0019ab00	80	unknown
0019ab50	FUN_0019ab50	40	unknown
0019ab78	FUN_0019ab78	108	unknown
0019ac00	FUN_0019ac00	328	partial
0019ad48	FUN_0019ad48	564	unknown
0019af80	FUN_0019af80	564	unknown
0019b1b8	FUN_0019b1b8	564	unknown
0019b3f0	FUN_0019b3f0	568	unknown
0019b628	FUN_0019b628	56	unknown
0019b660	FUN_0019b660	1220	unknown
0019bb28	FUN_0019bb28	92	unknown
0019bb88	FUN_0019bb88	448	unknown
0019bd50	FUN_0019bd50	64	unknown
0019bd90	FUN_0019bd90	788	partial
0019c0b0	FUN_0019c0b0	832	unknown
0019c3f8	FUN_0019c3f8	140	unknown
0019c488	FUN_0019c488	64	unknown
0019c4c8	FUN_0019c4c8	56	unknown
0019c500	FUN_0019c500	656	unknown
0019c790	FUN_0019c790	1012	unknown
0019cb88	FUN_0019cb88	360	partial
0019ccf0	FUN_0019ccf0	412	unknown
0019ce90	FUN_0019ce90	1184	unknown
0019d338	FUN_0019d338	84	unknown
0019d390	FUN_0019d390	276	unknown
0019d4a8	FUN_0019d4a8	80	unknown
0019d4f8	FUN_0019d4f8	40	unknown
0019d520	FUN_0019d520	108	unknown
0019d590	FUN_0019d590	528	partial
0019d7a8	FUN_0019d7a8	40	thunk
0019d7d0	FUN_0019d7d0	96	partial
0019d830	FUN_0019d830	32	thunk
0019d850	FUN_0019d850	36	partial
0019d878	FUN_0019d878	80	unknown
0019d8c8	FUN_0019d8c8	8	thunk
0019d8d0	FUN_0019d8d0	348	unknown
0019da30	FUN_0019da30	108	partial
0019daa0	FUN_0019daa0	196	unknown
0019db68	FUN_0019db68	88	partial
0019dbc0	FUN_0019dbc0	40	unknown
0019dbe8	FUN_0019dbe8	100	unknown
0019dc50	FUN_0019dc50	744	unknown
0019df38	FUN_0019df38	208	unknown
0019e008	FUN_0019e008	208	unknown
0019e0d8	FUN_0019e0d8	380	unknown
0019e258	FUN_0019e258	1104	unknown
0019e6b0	FUN_0019e6b0	828	unknown
0019e9f0	FUN_0019e9f0	28	thunk
0019ea10	FUN_0019ea10	80	unknown
0019ea60	FUN_0019ea60	816	unknown
0019ed90	FUN_0019ed90	108	unknown
0019ee00	FUN_0019ee00	220	unknown
0019eee0	FUN_0019eee0	664	unknown
0019f178	FUN_0019f178	60	unknown
0019f1b8	FUN_0019f1b8	64	unknown
0019f1f8	FUN_0019f1f8	272	unknown
0019f308	FUN_0019f308	156	unknown
0019f3a8	FUN_0019f3a8	1320	unknown
0019f8d8	FUN_0019f8d8	40	thunk
0019f900	FUN_0019f900	436	unknown
0019fab8	FUN_0019fab8	108	unknown
0019fb28	FUN_0019fb28	220	unknown
0019fc08	FUN_0019fc08	164	unknown
0019fcb0	FUN_0019fcb0	28	thunk
0019fcd0	FUN_0019fcd0	40	thunk
0019fcf8	FUN_0019fcf8	136	partial
0019fd80	FUN_0019fd80	224	dead
0019fe60	FUN_0019fe60	36	unknown
0019fe88	FUN_0019fe88	188	unknown
0019ff48	FUN_0019ff48	328	unknown
001a0090	FUN_001a0090	384	unknown
001a0210	FUN_001a0210	152	unknown
001a02a8	FUN_001a02a8	120	unknown
001a0320	FUN_001a0320	80	unknown
001a0370	FUN_001a0370	132	unknown
001a0400	FUN_001a0400	292	unknown
001a0528	FUN_001a0528	152	unknown
001a05c0	FUN_001a05c0	308	unknown
001a06f8	FUN_001a06f8	324	unknown
001a0848	FUN_001a0848	148	unknown
001a08e0	FUN_001a08e0	108	unknown
001a0950	FUN_001a0950	180	unknown
001a0a08	FUN_001a0a08	436	unknown
001a0bc0	FUN_001a0bc0	1768	unknown
001a12b8	FUN_001a12b8	80	unknown
001a1308	FUN_001a1308	172	partial
001a13b8	FUN_001a13b8	160	unknown
001a1458	FUN_001a1458	132	unknown
001a14e0	FUN_001a14e0	104	unknown
001a1548	FUN_001a1548	436	partial
001a1700	FUN_001a1700	752	unknown
001a19f8	FUN_001a19f8	664	partial
001a1c98	FUN_001a1c98	88	unknown
001a1cf0	FUN_001a1cf0	40	thunk
001a1d18	FUN_001a1d18	164	partial
001a1dc0	FUN_001a1dc0	620	unknown
001a2030	FUN_001a2030	1068	unknown
001a2468	FUN_001a2468	44	thunk
001a2498	FUN_001a2498	1088	unknown
001a28e0	FUN_001a28e0	292	unknown
001a2a08	FUN_001a2a08	52	unknown
001a2a40	FUN_001a2a40	212	unknown
001a2b18	FUN_001a2b18	240	unknown
001a2c08	FUN_001a2c08	36	unknown
001a2c30	FUN_001a2c30	152	unknown
001a2cc8	FUN_001a2cc8	152	unknown
001a2d60	FUN_001a2d60	152	unknown
001a2df8	FUN_001a2df8	160	unknown
001a2e98	FUN_001a2e98	356	unknown
001a3000	FUN_001a3000	88	unknown
001a3058	FUN_001a3058	132	unknown
001a30e0	FUN_001a30e0	344	unknown
001a3238	FUN_001a3238	168	unknown
001a32e0	FUN_001a32e0	52	unknown
001a3318	FUN_001a3318	212	unknown
001a33f0	FUN_001a33f0	12	thunk
001a3400	FUN_001a3400	248	unknown
001a34f8	FUN_001a34f8	1360	unknown
001a3a60	FUN_001a3a60	384	unknown
001a3be0	FUN_001a3be0	72	unknown
001a3c28	FUN_001a3c28	336	unknown
001a3d78	FUN_001a3d78	64	unknown
001a3de8	FUN_001a3de8	128	unknown
001a3e68	FUN_001a3e68	184	unknown
001a3f28	FUN_001a3f28	40	thunk
001a3f50	FUN_001a3f50	248	partial
001a4048	FUN_001a4048	120	unknown
001a40c0	FUN_001a40c0	92	unknown
001a4120	FUN_001a4120	80	unknown
001a4170	FUN_001a4170	60	unknown
001a41b0	FUN_001a41b0	8	thunk
001a41b8	FUN_001a41b8	4020	unknown
001a5170	FUN_001a5170	56	unknown
001a51a8	FUN_001a51a8	1044	unknown
001a55c8	FUN_001a55c8	40	unknown
001a55f0	FUN_001a55f0	328	unknown
001a5738	FUN_001a5738	16	thunk
001a5748	FUN_001a5748	80	unknown
001a5798	FUN_001a5798	152	unknown
001a5830	FUN_001a5830	3036	partial
001a6410	FUN_001a6410	664	unknown
001a66b0	FUN_001a66b0	392	partial
001a6838	FUN_001a6838	80	unknown
001a6888	FUN_001a6888	276	unknown
001a69a0	FUN_001a69a0	172	unknown
001a6a50	FUN_001a6a50	40	thunk
001a6a78	FUN_001a6a78	64	unknown
001a6ab8	FUN_001a6ab8	72	unknown
001a6b00	FUN_001a6b00	232	unknown
001a6be8	FUN_001a6be8	116	unknown
001a6c60	FUN_001a6c60	428	unknown
001a6e10	FUN_001a6e10	616	unknown
001a7078	FUN_001a7078	232	partial
001a7160	FUN_001a7160	216	unknown
001a7240	FUN_001a7240	256	unknown
001a7348	FUN_001a7348	144	unknown
001a73d8	FUN_001a73d8	72	unknown
001a7420	FUN_001a7420	40	unknown
001a7448	FUN_001a7448	36	unknown
001a7470	FUN_001a7470	8	thunk
001a7478	FUN_001a7478	80	unknown
001a74c8	FUN_001a74c8	1664	unknown
001a7b50	FUN_001a7b50	1064	partial
001a7f80	FUN_001a7f80	108	partial
001a7ff0	FUN_001a7ff0	92	unknown
001a8050	FUN_001a8050	240	unknown
001a8140	FUN_001a8140	112	unknown
001a81b0	FUN_001a81b0	248	unknown
001a82a8	FUN_001a82a8	112	unknown
001a8318	FUN_001a8318	272	unknown
001a8428	FUN_001a8428	236	unknown
001a8518	FUN_001a8518	464	unknown
001a8708	FUN_001a8708	564	unknown
001a8940	FUN_001a8940	476	unknown
001a8b20	FUN_001a8b20	260	partial
001a8c28	FUN_001a8c28	1016	unknown
001a9028	FUN_001a9028	164	unknown
001a90d0	FUN_001a90d0	1844	unknown
001a9810	FUN_001a9810	132	unknown
001a9898	FUN_001a9898	140	unknown
001a9928	FUN_001a9928	304	unknown
001a9a58	FUN_001a9a58	200	unknown
001a9b20	FUN_001a9b20	284	unknown
001a9c40	FUN_001a9c40	700	unknown
001a9f00	FUN_001a9f00	416	unknown
001aa0a0	FUN_001aa0a0	200	unknown
001aa168	FUN_001aa168	768	unknown
001aa470	FUN_001aa470	700	unknown
001aa730	FUN_001aa730	52	thunk
001aa768	FUN_001aa768	80	unknown
001aa7b8	FUN_001aa7b8	148	unknown
001aa850	FUN_001aa850	40	thunk
001aa878	FUN_001aa878	80	unknown
001aa8c8	FUN_001aa8c8	172	partial
001aa978	FUN_001aa978	96	unknown
001aa9d8	FUN_001aa9d8	292	partial
001aab00	FUN_001aab00	76	unknown
001aab50	FUN_001aab50	1284	unknown
001ab058	FUN_001ab058	612	partial
001ab2c0	FUN_001ab2c0	80	unknown
001ab310	FUN_001ab310	40	thunk
001ab338	FUN_001ab338	188	unknown
001ab3f8	FUN_001ab3f8	40	thunk
001ab420	FUN_001ab420	496	unknown
001ab618	FUN_001ab618	176	unknown
001ab6c8	FUN_001ab6c8	172	unknown
001ab778	FUN_001ab778	1864	unknown
001abec0	FUN_001abec0	8	thunk
001abec8	FUN_001abec8	880	unknown
001ac238	FUN_001ac238	140	unknown
001ac2c8	FUN_001ac2c8	628	unknown
001ac540	FUN_001ac540	1316	partial
001aca68	FUN_001aca68	388	unknown
001acbf0	FUN_001acbf0	660	unknown
001ace88	FUN_001ace88	1736	unknown
001ad558	FUN_001ad558	552	unknown
001ad780	FUN_001ad780	588	unknown
001ad9d0	FUN_001ad9d0	28	thunk
001ad9f0	FUN_001ad9f0	80	unknown
001ada40	FUN_001ada40	220	unknown
001adb20	FUN_001adb20	188	unknown
001adbe0	FUN_001adbe0	152	unknown
001adc78	FUN_001adc78	200	unknown
001add40	FUN_001add40	1072	partial
001ae170	FUN_001ae170	520	unknown
001ae378	FUN_001ae378	640	unknown
001ae608	FUN_001ae608	628	partial
001ae880	FUN_001ae880	128	unknown
001ae900	FUN_001ae900	840	unknown
001aec48	FUN_001aec48	528	unknown
001aee58	FUN_001aee58	2056	unknown
001af668	FUN_001af668	80	unknown
001af6b8	FUN_001af6b8	260	unknown
001af7c0	FUN_001af7c0	1660	unknown
001afe40	FUN_001afe40	740	unknown
001b0128	FUN_001b0128	832	unknown
001b0470	FUN_001b0470	3608	partial
001b1290	FUN_001b1290	1260	unknown
001b1780	FUN_001b1780	556	unknown
001b19b0	FUN_001b19b0	12	thunk
001b19c0	FUN_001b19c0	36	thunk
001b19e8	FUN_001b19e8	104	unknown
001b1a50	FUN_001b1a50	128	unknown
001b1ad0	FUN_001b1ad0	1544	unknown
001b20e0	FUN_001b20e0	1136	unknown
001b2550	FUN_001b2550	112	unknown
001b25c0	FUN_001b25c0	160	unknown
001b2660	FUN_001b2660	156	unknown
001b2700	FUN_001b2700	324	unknown
001b2848	FUN_001b2848	240	unknown
001b2938	FUN_001b2938	288	unknown
001b2a58	FUN_001b2a58	760	unknown
001b2d60	FUN_001b2d60	252	unknown
001b2e60	FUN_001b2e60	200	unknown
001b2f28	FUN_001b2f28	108	unknown
001b2f98	FUN_001b2f98	452	unknown
001b3160	FUN_001b3160	940	unknown
001b3510	FUN_001b3510	212	unknown
001b35e8	FUN_001b35e8	268	unknown
001b36f8	FUN_001b36f8	284	unknown
001b3818	FUN_001b3818	64	unknown
001b3858	FUN_001b3858	312	unknown
001b3990	FUN_001b3990	68	unknown
001b39d8	FUN_001b39d8	576	unknown
001b3c20	FUN_001b3c20	220	unknown
001b3d00	FUN_001b3d00	196	unknown
001b3dc8	FUN_001b3dc8	160	unknown
001b3e68	FUN_001b3e68	52	unknown
001b3f00	FUN_001b3f00	56	unknown
001b3f38	FUN_001b3f38	200	unknown
001b4000	FUN_001b4000	40	thunk
001b4028	FUN_001b4028	156	unknown
001b40c8	FUN_001b40c8	780	unknown
001b43d8	FUN_001b43d8	196	unknown
001b44a0	FUN_001b44a0	444	unknown
001b4660	FUN_001b4660	144	unknown
001b47b8	FUN_001b47b8	56	unknown
001b47f0	FUN_001b47f0	192	unknown
001b48b0	FUN_001b48b0	424	unknown
001b4a58	FUN_001b4a58	132	unknown
001b4ae0	FUN_001b4ae0	48	thunk
001b4b10	FUN_001b4b10	148	unknown
001b4bc8	FUN_001b4bc8	72	unknown
001b4c10	FUN_001b4c10	52	unknown
001b4c48	FUN_001b4c48	480	unknown
001b4e28	FUN_001b4e28	180	partial
001b4ee0	FUN_001b4ee0	72	unknown
001b4f28	FUN_001b4f28	324	unknown
001b5070	FUN_001b5070	268	unknown
001b5180	FUN_001b5180	244	unknown
001b5278	FUN_001b5278	224	unknown
001b5358	FUN_001b5358	484	unknown
001b5540	FUN_001b5540	192	unknown
001b5600	FUN_001b5600	408	unknown
001b5798	FUN_001b5798	3780	unknown
001b6670	FUN_001b6670	680	unknown
001b6920	FUN_001b6920	184	unknown
001b69d8	FUN_001b69d8	80	unknown
001b6a28	FUN_001b6a28	92	unknown
001b6a88	FUN_001b6a88	168	unknown
001b6b30	FUN_001b6b30	148	unknown
001b6bc8	FUN_001b6bc8	72	unknown
001b6c10	FUN_001b6c10	72	unknown
001b6c58	FUN_001b6c58	40	unknown
001b6c80	FUN_001b6c80	120	unknown
001b6cf8	FUN_001b6cf8	1000	unknown
001b70e8	FUN_001b70e8	112	unknown
001b7158	FUN_001b7158	56	unknown
001b7190	FUN_001b7190	500	unknown
001b7388	FUN_001b7388	192	unknown
001b7448	FUN_001b7448	396	unknown
001b75d8	FUN_001b75d8	244	unknown
001b76d0	FUN_001b76d0	1016	unknown
001b7ac8	FUN_001b7ac8	140	unknown
001b7b58	FUN_001b7b58	196	unknown
001b7c20	FUN_001b7c20	120	unknown
001b7c98	FUN_001b7c98	872	unknown
001b8010	FUN_001b8010	180	unknown
001b80c8	FUN_001b80c8	828	unknown
001b8408	FUN_001b8408	368	unknown
001b8578	FUN_001b8578	1476	unknown
001b8b40	FUN_001b8b40	1912	unknown
001b92c0	FUN_001b92c0	68	unknown
001b9308	FUN_001b9308	40	thunk
001b9330	FUN_001b9330	112	unknown
001b93a0	FUN_001b93a0	36	thunk
001b93c8	FUN_001b93c8	276	unknown
001b94e0	FUN_001b94e0	180	unknown
001b95a0	FUN_001b95a0	24	unknown
001b95b8	FUN_001b95b8	96	unknown
001b9618	FUN_001b9618	148	unknown
001b96b0	FUN_001b96b0	500	unknown
001b98a8	FUN_001b98a8	220	unknown
001b9aa0	FUN_001b9aa0	492	unknown
001b9c98	FUN_001b9c98	328	unknown
001b9de8	FUN_001b9de8	176	unknown
001b9e98	FUN_001b9e98	240	unknown
001b9f88	FUN_001b9f88	240	unknown
001ba078	FUN_001ba078	128	unknown
001ba0f8	FUN_001ba0f8	208	unknown
001ba1c8	FUN_001ba1c8	160	unknown
001ba268	FUN_001ba268	8	thunk
001ba270	FUN_001ba270	36	partial
001ba298	FUN_001ba298	232	unknown
001ba3b0	FUN_001ba3b0	1008	partial
001ba7b0	FUN_001ba7b0	628	unknown
001baa28	FUN_001baa28	1052	unknown
001bae48	FUN_001bae48	236	unknown
001baf40	FUN_001baf40	768	unknown
001bb240	FUN_001bb240	724	unknown
001bb520	FUN_001bb520	1004	unknown
001bb910	FUN_001bb910	80	unknown
001bb960	FUN_001bb960	208	unknown
001bba30	FUN_001bba30	216	unknown
001bbb08	FUN_001bbb08	68	thunk
001bbb50	FUN_001bbb50	64	unknown
001bbb90	FUN_001bbb90	268	unknown
001bbca0	FUN_001bbca0	80	unknown
001bbcf0	FUN_001bbcf0	80	unknown
001bbd40	FUN_001bbd40	152	unknown
001bbdd8	FUN_001bbdd8	168	unknown
001bbe80	FUN_001bbe80	176	unknown
001bbf30	FUN_001bbf30	292	unknown
001bc058	FUN_001bc058	120	unknown
001bc0d0	FUN_001bc0d0	96	unknown
001bc130	FUN_001bc130	28	thunk
001bc150	FUN_001bc150	424	unknown
001bc300	FUN_001bc300	800	partial
001bc620	FUN_001bc620	60	unknown
001bc660	FUN_001bc660	260	unknown
001bc768	FUN_001bc768	976	unknown
001bcb38	FUN_001bcb38	372	unknown
001bccb0	FUN_001bccb0	780	partial
001bcfc0	FUN_001bcfc0	36	unknown
001bcff0	FUN_001bcff0	120	unknown
001bd068	FUN_001bd068	948	unknown
001bd420	FUN_001bd420	80	unknown
001bd470	FUN_001bd470	56	unknown
001bd4a8	FUN_001bd4a8	196	unknown
001bd570	FUN_001bd570	220	unknown
001bd650	FUN_001bd650	60	unknown
001bd690	FUN_001bd690	88	unknown
001bd6e8	FUN_001bd6e8	112	unknown
001bd758	FUN_001bd758	120	unknown
001bd7d0	FUN_001bd7d0	72	unknown
001bd818	FUN_001bd818	872	unknown
001bdb90	FUN_001bdb90	1740	unknown
001be280	FUN_001be280	1232	unknown
001be760	FUN_001be760	268	unknown
001be870	FUN_001be870	12	thunk
001be880	FUN_001be880	76	unknown
001be8d0	FUN_001be8d0	2112	unknown
001bf110	FUN_001bf110	56	unknown
001bf148	FUN_001bf148	84	unknown
001bf1a0	FUN_001bf1a0	136	unknown
001bf228	FUN_001bf228	828	unknown
001bf568	FUN_001bf568	12	thunk
001bf578	FUN_001bf578	56	unknown
001bf5b0	FUN_001bf5b0	1904	unknown
001bfd28	FUN_001bfd28	80	unknown
001bfd78	FUN_001bfd78	132	unknown
001bfe00	FUN_001bfe00	968	unknown
001c01d8	FUN_001c01d8	120	unknown
001c0250	FUN_001c0250	332	unknown
001c03a0	FUN_001c03a0	348	unknown
001c0500	FUN_001c0500	140	unknown
001c0590	FUN_001c0590	64	unknown
001c05d0	FUN_001c05d0	72	unknown
001c0618	FUN_001c0618	40	dead
001c0640	FUN_001c0640	712	unknown
001c0908	FUN_001c0908	1228	unknown
001c0dd8	FUN_001c0dd8	64	unknown
001c0e18	FUN_001c0e18	72	unknown
001c0e60	FUN_001c0e60	312	unknown
001c0f98	FUN_001c0f98	200	unknown
001c1060	FUN_001c1060	164	unknown
001c1108	FUN_001c1108	256	unknown
001c1208	FUN_001c1208	240	unknown
001c12f8	FUN_001c12f8	92	unknown
001c1358	FUN_001c1358	132	unknown
001c13e0	FUN_001c13e0	992	unknown
001c17c8	FUN_001c17c8	308	unknown
001c1900	FUN_001c1900	252	unknown
001c1a00	FUN_001c1a00	32	thunk
001c1a20	FUN_001c1a20	172	unknown
001c1ad0	FUN_001c1ad0	1036	unknown
001c1ee0	FUN_001c1ee0	1904	unknown
001c2660	FUN_001c2660	460	unknown
001c2830	FUN_001c2830	268	unknown
001c2940	FUN_001c2940	216	unknown
001c2a18	FUN_001c2a18	1024	unknown
001c2e20	FUN_001c2e20	1204	unknown
001c32d8	FUN_001c32d8	92	unknown
001c3338	FUN_001c3338	668	unknown
001c35d8	FUN_001c35d8	20	thunk
001c35f0	FUN_001c35f0	132	unknown
001c3678	FUN_001c3678	480	unknown
001c3860	FUN_001c3860	416	unknown
001c3a08	FUN_001c3a08	932	unknown
001c3db8	FUN_001c3db8	624	unknown
001c4028	FUN_001c4028	420	unknown
001c41d0	FUN_001c41d0	176	unknown
001c4280	FUN_001c4280	348	unknown
001c43e0	FUN_001c43e0	572	unknown
001c4620	FUN_001c4620	432	unknown
001c47d0	FUN_001c47d0	280	unknown
001c48e8	FUN_001c48e8	352	unknown
001c4a48	FUN_001c4a48	240	unknown
001c4b38	FUN_001c4b38	140	unknown
001c4bc8	FUN_001c4bc8	288	unknown
001c4cf0	FUN_001c4cf0	588	unknown
001c4f40	FUN_001c4f40	244	unknown
001c5038	FUN_001c5038	108	unknown
001c50a8	FUN_001c50a8	72	unknown
001c50f0	FUN_001c50f0	352	unknown
001c5250	FUN_001c5250	4580	unknown
001c6458	FUN_001c6458	64	unknown
001c6498	FUN_001c6498	72	unknown
001c64e0	FUN_001c64e0	12	thunk
001c64f0	FUN_001c64f0	204	unknown
001c65c0	FUN_001c65c0	180	unknown
001c6678	FUN_001c6678	56	unknown
001c66b0	FUN_001c66b0	764	unknown
001c69b0	FUN_001c69b0	352	unknown
001c6b10	FUN_001c6b10	96	unknown
001c6ca8	FUN_001c6ca8	2136	unknown
001c7508	FUN_001c7508	176	dead
001c75b8	FUN_001c75b8	36	partial
001c75e0	FUN_001c75e0	728	unknown
001c78c0	FUN_001c78c0	372	unknown
001c7a40	FUN_001c7a40	244	partial
001c7b38	FUN_001c7b38	88	dead
001c7b90	FUN_001c7b90	196	unknown
001c7c58	FUN_001c7c58	8	thunk
001c7c88	FUN_001c7c88	96	unknown
001c7ce8	FUN_001c7ce8	896	unknown
001c8068	FUN_001c8068	424	unknown
001c8218	FUN_001c8218	364	unknown
001c8388	FUN_001c8388	36	unknown
001c83b0	FUN_001c83b0	60	partial
001c83f0	FUN_001c83f0	196	unknown
001c84b8	FUN_001c84b8	228	unknown
001c85a0	FUN_001c85a0	64	unknown
001c85e0	FUN_001c85e0	72	unknown
001c8628	FUN_001c8628	12	thunk
001c8638	FUN_001c8638	84	unknown
001c8690	FUN_001c8690	432	unknown
001c8840	FUN_001c8840	44	unknown
001c8870	FUN_001c8870	248	unknown
001c8970	FUN_001c8970	120	unknown
001c89e8	FUN_001c89e8	144	unknown
001c8a78	FUN_001c8a78	536	unknown
001c8c98	FUN_001c8c98	184	unknown
001c8d58	FUN_001c8d58	112	unknown
001c8e30	FUN_001c8e30	112	unknown
001c8ea0	FUN_001c8ea0	244	unknown
001c8fe8	FUN_001c8fe8	92	unknown
001c9048	FUN_001c9048	28	thunk
001c9068	FUN_001c9068	48	unknown
001c9118	FUN_001c9118	112	unknown
001c9208	FUN_001c9208	152	unknown
001c92a0	FUN_001c92a0	140	unknown
001c9330	FUN_001c9330	152	unknown
001c93c8	FUN_001c93c8	24	thunk
001c93e0	FUN_001c93e0	28	thunk
001c9400	FUN_001c9400	44	unknown
001c9430	FUN_001c9430	44	unknown
001c9460	FUN_001c9460	176	unknown
001c9510	FUN_001c9510	84	unknown
001c95b0	FUN_001c95b0	120	unknown
001c9628	FUN_001c9628	276	unknown
001c9750	FUN_001c9750	92	unknown
001c9860	FUN_001c9860	112	unknown
001c98f8	FUN_001c98f8	52	unknown
001c9990	FUN_001c9990	60	unknown
001c99e8	FUN_001c99e8	28	thunk
001c9a08	FUN_001c9a08	68	unknown
001c9a50	FUN_001c9a50	448	unknown
001c9c10	FUN_001c9c10	184	unknown
001c9cc8	FUN_001c9cc8	152	unknown
001c9d60	FUN_001c9d60	348	unknown
001c9ec0	FUN_001c9ec0	796	unknown
001ca1e0	FUN_001ca1e0	388	unknown
001ca368	FUN_001ca368	388	unknown
001ca4f0	FUN_001ca4f0	388	unknown
001ca678	FUN_001ca678	388	unknown
001ca800	FUN_001ca800	520	unknown
001caa08	FUN_001caa08	576	unknown
001cac48	FUN_001cac48	972	unknown
001cb018	FUN_001cb018	520	unknown
001cb220	FUN_001cb220	192	unknown
001cb2e0	FUN_001cb2e0	840	unknown
001cb628	FUN_001cb628	900	unknown
001cb9b0	FUN_001cb9b0	808	unknown
001cbcd8	FUN_001cbcd8	808	unknown
001cc000	FUN_001cc000	104	unknown
001cc068	FUN_001cc068	688	unknown
001cc318	FUN_001cc318	208	partial
001cc3e8	FUN_001cc3e8	84	unknown
001cc440	FUN_001cc440	172	unknown
001cc4f0	FUN_001cc4f0	80	unknown
001cc548	FUN_001cc548	44	unknown
001cc578	FUN_001cc578	88	unknown
001cc5d0	FUN_001cc5d0	100	unknown
001cc638	FUN_001cc638	404	unknown
001cc7d0	FUN_001cc7d0	588	unknown
001cca20	FUN_001cca20	208	unknown
001ccaf0	FUN_001ccaf0	96	unknown
001ccb50	FUN_001ccb50	968	partial
001ccf28	FUN_001ccf28	36	thunk
001ccf50	FUN_001ccf50	40	thunk
001ccf78	FUN_001ccf78	308	unknown
001cd0b0	FUN_001cd0b0	140	unknown
001cd140	FUN_001cd140	28	thunk
001cd160	FUN_001cd160	1392	unknown
001cd6e8	FUN_001cd6e8	36	thunk
001cd710	FUN_001cd710	40	thunk
001cd738	FUN_001cd738	236	unknown
001cd828	FUN_001cd828	36	thunk
001cd850	FUN_001cd850	40	thunk
001cd878	FUN_001cd878	116	unknown
001cd8f0	FUN_001cd8f0	36	thunk
001cd918	FUN_001cd918	40	thunk
001cd940	FUN_001cd940	116	unknown
001cd9b8	FUN_001cd9b8	36	thunk
001cd9e0	FUN_001cd9e0	40	thunk
001cda08	FUN_001cda08	36	thunk
001cda30	FUN_001cda30	40	thunk
001cda58	FUN_001cda58	36	thunk
001cda80	FUN_001cda80	40	thunk
001cdaa8	FUN_001cdaa8	104	unknown
001cdb10	FUN_001cdb10	36	thunk
001cdb38	FUN_001cdb38	40	thunk
001cdb60	FUN_001cdb60	144	unknown
001cdbf0	FUN_001cdbf0	148	unknown
001cdc88	FUN_001cdc88	104	unknown
001cdcf0	FUN_001cdcf0	36	thunk
001cdd18	FUN_001cdd18	40	thunk
001cdd40	FUN_001cdd40	104	unknown
001cdda8	FUN_001cdda8	36	thunk
001cddd0	FUN_001cddd0	40	thunk
001cddf8	FUN_001cddf8	104	unknown
001cde60	FUN_001cde60	36	thunk
001cde88	FUN_001cde88	40	thunk
001cdeb0	FUN_001cdeb0	112	unknown
001cdf20	FUN_001cdf20	112	unknown
001cdf90	FUN_001cdf90	112	unknown
001ce000	FUN_001ce000	168	partial
001ce0a8	FUN_001ce0a8	32	unknown
001ce0c8	FUN_001ce0c8	148	unknown
001ce160	FUN_001ce160	316	unknown
001ce2a0	FUN_001ce2a0	240	unknown
001ce390	FUN_001ce390	80	unknown
001ce3e0	FUN_001ce3e0	184	unknown
001ce498	FUN_001ce498	240	partial
001ce588	FUN_001ce588	88	unknown
001ce5e0	FUN_001ce5e0	28	unknown
001ce600	FUN_001ce600	36	thunk
001ce628	FUN_001ce628	40	thunk
001ce650	FUN_001ce650	52	unknown
001ce688	FUN_001ce688	40	unknown
001ce6b0	FUN_001ce6b0	288	unknown
001ce7d0	FUN_001ce7d0	248	unknown
001ce8c8	FUN_001ce8c8	208	unknown
001ce9a0	FUN_001ce9a0	160	unknown
001cea48	FUN_001cea48	40	unknown
001cea70	FUN_001cea70	288	partial
001ceb98	FUN_001ceb98	108	unknown
001cec08	FUN_001cec08	88	unknown
001cec60	FUN_001cec60	184	partial
001ced18	FUN_001ced18	128	unknown
001ced98	FUN_001ced98	260	unknown
001ceea0	FUN_001ceea0	328	partial
001cefe8	FUN_001cefe8	36	thunk
001cf010	FUN_001cf010	40	thunk
001cf038	FUN_001cf038	88	unknown
001cf090	FUN_001cf090	1012	partial
001cf488	FUN_001cf488	68	unknown
001cf4d0	FUN_001cf4d0	136	unknown
001cf558	FUN_001cf558	44	unknown
001cf588	FUN_001cf588	1036	partial
001cf998	FUN_001cf998	112	partial
001cfa08	FUN_001cfa08	180	unknown
001cfac0	FUN_001cfac0	260	unknown
001cfbc8	FUN_001cfbc8	64	unknown
001cfc08	FUN_001cfc08	292	unknown
001cfd30	FUN_001cfd30	2596	unknown
001d0760	FUN_001d0760	248	unknown
001d0858	FUN_001d0858	304	unknown
001d0990	FUN_001d0990	772	unknown
001d0c98	FUN_001d0c98	304	unknown
001d0dd0	FUN_001d0dd0	420	unknown
001d0fe0	FUN_001d0fe0	276	partial
001d10f8	FUN_001d10f8	144	unknown
001d1188	FUN_001d1188	32	thunk
001d11a8	FUN_001d11a8	188	unknown
001d1268	FUN_001d1268	156	unknown
001d1308	FUN_001d1308	44	unknown
001d1338	FUN_001d1338	44	unknown
001d1368	FUN_001d1368	228	unknown
001d1450	FUN_001d1450	120	unknown
001d14c8	FUN_001d14c8	520	unknown
001d16d0	FUN_001d16d0	720	unknown
001d19a0	FUN_001d19a0	48	partial
001d19d0	FUN_001d19d0	132	unknown
001d1a58	FUN_001d1a58	212	unknown
001d1b38	FUN_001d1b38	140	unknown
001d1bc8	FUN_001d1bc8	144	unknown
001d1c58	FUN_001d1c58	280	unknown
001d1d70	FUN_001d1d70	160	unknown
001d1e10	FUN_001d1e10	644	unknown
001d2098	FUN_001d2098	184	unknown
001d2150	FUN_001d2150	488	unknown
001d2348	FUN_001d2348	112	unknown
001d23b8	FUN_001d23b8	52	thunk
001d23f0	FUN_001d23f0	64	unknown
001d2430	FUN_001d2430	40	thunk
001d2458	FUN_001d2458	180	unknown
001d2510	FUN_001d2510	308	unknown
001d2648	FUN_001d2648	80	unknown
001d2698	FUN_001d2698	108	unknown
001d2708	FUN_001d2708	80	unknown
001d2758	FUN_001d2758	80	unknown
001d27a8	FUN_001d27a8	76	unknown
001d27f8	FUN_001d27f8	80	unknown
001d2848	FUN_001d2848	140	unknown
001d28d8	FUN_001d28d8	188	unknown
001d2998	FUN_001d2998	172	unknown
001d2a48	FUN_001d2a48	28	thunk
001d2a68	FUN_001d2a68	8	thunk
001d2a70	FUN_001d2a70	172	unknown
001d2b20	FUN_001d2b20	28	thunk
001d2b40	FUN_001d2b40	8	thunk
001d2b48	FUN_001d2b48	648	unknown
001d2dd8	FUN_001d2dd8	28	thunk
001d2df8	FUN_001d2df8	8	thunk
001d2e00	FUN_001d2e00	624	unknown
001d3070	FUN_001d3070	28	thunk
001d3090	FUN_001d3090	8	thunk
001d3098	FUN_001d3098	308	unknown
001d31d0	FUN_001d31d0	940	unknown
001d3580	FUN_001d3580	28	thunk
001d35a0	FUN_001d35a0	8	thunk
001d35a8	FUN_001d35a8	176	unknown
001d3658	FUN_001d3658	28	thunk
001d3678	FUN_001d3678	1676	partial
001d3d10	FUN_001d3d10	140	unknown
001d3da0	FUN_001d3da0	28	thunk
001d3dc0	FUN_001d3dc0	520	unknown
001d3fc8	FUN_001d3fc8	140	unknown
001d4058	FUN_001d4058	28	thunk
001d4078	FUN_001d4078	1116	unknown
001d44d8	FUN_001d44d8	140	unknown
001d4568	FUN_001d4568	256	unknown
001d4668	FUN_001d4668	496	partial
001d4858	FUN_001d4858	332	unknown
001d49a8	FUN_001d49a8	168	unknown
001d4a50	FUN_001d4a50	148	partial
001d4ae8	FUN_001d4ae8	260	unknown
001d4bf0	FUN_001d4bf0	8	thunk
001d4bf8	FUN_001d4bf8	8	thunk
001d4c00	FUN_001d4c00	172	unknown
001d4cb0	FUN_001d4cb0	924	unknown
001d5050	FUN_001d5050	48	thunk
001d5080	FUN_001d5080	764	unknown
001d5380	FUN_001d5380	520	unknown
001d5588	FUN_001d5588	48	thunk
001d55b8	FUN_001d55b8	1188	unknown
001d5a60	FUN_001d5a60	344	unknown
001d5bc0	FUN_001d5bc0	136	partial
001d5c48	FUN_001d5c48	88	partial
001d5ca0	FUN_001d5ca0	3152	unknown
001d68f8	FUN_001d68f8	1532	partial
001d6f00	FUN_001d6f00	36	thunk
001d6f28	FUN_001d6f28	132	partial
001d6fb0	FUN_001d6fb0	164	unknown
001d7058	FUN_001d7058	84	unknown
001d70b0	FUN_001d70b0	108	unknown
001d7120	FUN_001d7120	268	unknown
001d7230	FUN_001d7230	136	unknown
001d72b8	FUN_001d72b8	188	unknown
001d7378	FUN_001d7378	156	partial
001d7418	FUN_001d7418	232	partial
001d7500	FUN_001d7500	304	partial
001d7638	FUN_001d7638	172	unknown
001d76e8	FUN_001d76e8	152	unknown
001d7780	FUN_001d7780	284	unknown
001d78a0	FUN_001d78a0	8	thunk
001d78a8	FUN_001d78a8	8	thunk
001d78b0	FUN_001d78b0	8	thunk
001d78b8	FUN_001d78b8	396	unknown
001d7a48	FUN_001d7a48	8	thunk
001d7a50	FUN_001d7a50	8	thunk
001d7a58	FUN_001d7a58	380	unknown
001d7bd8	FUN_001d7bd8	8	thunk
001d7be0	FUN_001d7be0	8	thunk
001d7be8	FUN_001d7be8	184	unknown
001d7ca0	FUN_001d7ca0	72	unknown
001d7ce8	FUN_001d7ce8	12	thunk
001d7cf8	FUN_001d7cf8	352	unknown
001d7e58	FUN_001d7e58	80	thunk
001d7ea8	FUN_001d7ea8	88	unknown
001d7f00	FUN_001d7f00	604	unknown
001d8160	FUN_001d8160	128	unknown
001d81e0	FUN_001d81e0	228	unknown
001d82c8	FUN_001d82c8	140	unknown
001d8358	FUN_001d8358	116	unknown
001d83d0	FUN_001d83d0	28	thunk
001d83f0	FUN_001d83f0	28	thunk
001d8410	FUN_001d8410	100	unknown
001d8478	FUN_001d8478	108	unknown
001d84e8	FUN_001d84e8	76	thunk
001d8538	FUN_001d8538	64	thunk
001d8578	FUN_001d8578	48	thunk
001d85a8	FUN_001d85a8	336	unknown
001d86f8	FUN_001d86f8	72	unknown
001d8740	FUN_001d8740	116	unknown
001d87b8	FUN_001d87b8	116	unknown
001d8830	FUN_001d8830	444	unknown
001d89f0	FUN_001d89f0	156	unknown
001d8a90	FUN_001d8a90	116	unknown
001d8b08	FUN_001d8b08	96	unknown
001d8b68	FUN_001d8b68	8	thunk
001d8b70	FUN_001d8b70	8	thunk
001d8b78	FUN_001d8b78	1484	unknown
001d9158	FUN_001d9158	60	unknown
001d9198	FUN_001d9198	8	thunk
001d91a0	FUN_001d91a0	940	unknown
001d9578	FUN_001d9578	1108	unknown
001d99d0	FUN_001d99d0	6576	unknown
001db400	FUN_001db400	12	thunk
001db410	FUN_001db410	328	unknown
001db560	FUN_001db560	132	unknown
001db5e8	FUN_001db5e8	204	unknown
001db6b8	FUN_001db6b8	336	unknown
001db810	FUN_001db810	44	unknown
001db840	FUN_001db840	44	unknown
001db870	FUN_001db870	72	unknown
001db8b8	FUN_001db8b8	228	unknown
001db9a0	FUN_001db9a0	36	unknown
001db9c8	FUN_001db9c8	56	unknown
001dba00	FUN_001dba00	344	unknown
001dbb60	FUN_001dbb60	472	unknown
001dbd40	FUN_001dbd40	184	unknown
001dbdf8	FUN_001dbdf8	216	unknown
001dbed8	FUN_001dbed8	48	unknown
001dbf08	FUN_001dbf08	1320	unknown
001dc438	FUN_001dc438	264	unknown
001dc540	FUN_001dc540	116	unknown
001dc5b8	FUN_001dc5b8	232	unknown
001dc6a0	FUN_001dc6a0	176	unknown
001dc750	FUN_001dc750	1712	unknown
001dce10	FUN_001dce10	544	unknown
001dd038	FUN_001dd038	32	unknown
001dd058	FUN_001dd058	292	unknown
001dd180	FUN_001dd180	552	unknown
001dd3a8	FUN_001dd3a8	64	unknown
001dd3e8	FUN_001dd3e8	80	unknown
001dd438	FUN_001dd438	328	unknown
001dd588	FUN_001dd588	92	unknown
001dd5e8	FUN_001dd5e8	48	unknown
001dd618	FUN_001dd618	200	unknown
001dd6e0	FUN_001dd6e0	1024	unknown
001ddae0	FUN_001ddae0	84	unknown
001ddb38	FUN_001ddb38	344	unknown
001ddc90	FUN_001ddc90	596	unknown
001ddee8	FUN_001ddee8	768	unknown
001de1e8	FUN_001de1e8	44	unknown
001de218	FUN_001de218	48	unknown
001de248	FUN_001de248	208	unknown
001de318	FUN_001de318	144	partial
001de3a8	FUN_001de3a8	40	unknown
001de3d0	FUN_001de3d0	272	unknown
001de4e8	FUN_001de4e8	488	unknown
001de6d0	FUN_001de6d0	304	unknown
001de800	FUN_001de800	104	unknown
001de868	FUN_001de868	28	thunk
001de888	FUN_001de888	108	unknown
001de8f8	FUN_001de8f8	100	unknown
001de960	FUN_001de960	44	unknown
001de990	FUN_001de990	120	unknown
001dea08	FUN_001dea08	384	unknown
001deb88	FUN_001deb88	436	unknown
001ded40	FUN_001ded40	192	unknown
001dee00	FUN_001dee00	660	unknown
001df098	FUN_001df098	380	unknown
001df218	FUN_001df218	252	unknown
001df318	FUN_001df318	236	unknown
001df408	FUN_001df408	1700	unknown
001dfad0	FUN_001dfad0	460	unknown
001dfca0	FUN_001dfca0	368	unknown
001dfe18	FUN_001dfe18	152	unknown
001dfeb0	FUN_001dfeb0	308	unknown
001dffe8	FUN_001dffe8	208	unknown
001e00b8	FUN_001e00b8	176	unknown
001e0168	FUN_001e0168	288	unknown
001e0288	FUN_001e0288	276	unknown
001e03a0	FUN_001e03a0	288	unknown
001e04c0	FUN_001e04c0	288	unknown
001e05e0	FUN_001e05e0	192	unknown
001e06a0	FUN_001e06a0	392	unknown
001e0828	FUN_001e0828	64	unknown
001e0868	FUN_001e0868	112	unknown
001e08d8	FUN_001e08d8	64	unknown
001e0918	FUN_001e0918	72	unknown
001e0960	FUN_001e0960	188	unknown
001e0a20	FUN_001e0a20	68	unknown
001e0a68	FUN_001e0a68	636	unknown
001e0ce8	FUN_001e0ce8	456	unknown
001e0eb8	FUN_001e0eb8	284	unknown
001e0fd8	FUN_001e0fd8	284	unknown
001e10f8	FUN_001e10f8	296	unknown
001e1220	FUN_001e1220	296	unknown
001e1348	FUN_001e1348	20	thunk
001e1368	FUN_001e1368	60	partial
001e13a8	FUN_001e13a8	340	unknown
001e1500	FUN_001e1500	204	unknown
001e15d0	FUN_001e15d0	184	unknown
001e1688	FUN_001e1688	92	unknown
001e16e8	FUN_001e16e8	108	unknown
001e1758	FUN_001e1758	68	unknown
001e17a0	FUN_001e17a0	32	thunk
001e17c0	FUN_001e17c0	32	thunk
001e17e0	FUN_001e17e0	32	thunk
001e1800	FUN_001e1800	60	unknown
001e1840	FUN_001e1840	60	unknown
001e1880	FUN_001e1880	60	unknown
001e18c0	FUN_001e18c0	60	unknown
001e1900	FUN_001e1900	32	thunk
001e1920	FUN_001e1920	68	unknown
001e1968	FUN_001e1968	60	thunk
001e19a8	FUN_001e19a8	60	thunk
001e19e8	FUN_001e19e8	32	thunk
001e1a08	FUN_001e1a08	136	partial
001e1a90	FUN_001e1a90	16	thunk
001e1aa0	FUN_001e1aa0	32	thunk
001e1ac0	FUN_001e1ac0	72	unknown
001e1b08	FUN_001e1b08	200	unknown
001e1bd0	FUN_001e1bd0	112	unknown
001e1c40	FUN_001e1c40	140	unknown
001e1cd0	FUN_001e1cd0	10164	partial
001e4488	FUN_001e4488	180	partial
001e4540	FUN_001e4540	272	unknown
001e4650	FUN_001e4650	364	unknown
001e47c0	FUN_001e47c0	44	unknown
001e47f0	FUN_001e47f0	60	unknown
001e4830	FUN_001e4830	60	unknown
001e4870	FUN_001e4870	64	unknown
001e48b0	FUN_001e48b0	8	thunk
001e48b8	FUN_001e48b8	240	partial
001e49a8	FUN_001e49a8	88	unknown
001e4a00	FUN_001e4a00	224	unknown
001e4ae0	FUN_001e4ae0	280	unknown
001e4c00	FUN_001e4c00	224	unknown
001e4ce0	FUN_001e4ce0	148	unknown
001e4d78	FUN_001e4d78	76	unknown
001e4dc8	FUN_001e4dc8	72	unknown
001e4e10	FUN_001e4e10	712	unknown
001e50e0	FUN_001e50e0	548	unknown
001e5308	FUN_001e5308	372	partial
001e5480	FUN_001e5480	68	unknown
001e54c8	FUN_001e54c8	20	thunk
001e54e0	FUN_001e54e0	128	unknown
001e5560	FUN_001e5560	196	unknown
001e5628	FUN_001e5628	184	unknown
001e56e0	FUN_001e56e0	776	unknown
001e59e8	FUN_001e59e8	160	unknown
001e5a88	FUN_001e5a88	8	thunk
001e5a90	FUN_001e5a90	92	unknown
001e5af0	FUN_001e5af0	1208	unknown
001e5fa8	FUN_001e5fa8	88	unknown
001e6000	FUN_001e6000	368	unknown
001e6170	FUN_001e6170	200	unknown
001e6238	FUN_001e6238	200	partial
001e6308	FUN_001e6308	456	unknown
001e64e8	FUN_001e64e8	284	unknown
001e6608	FUN_001e6608	96	unknown
001e6668	FUN_001e6668	476	partial
001e6848	FUN_001e6848	1436	unknown
001e6de8	FUN_001e6de8	124	unknown
001e6e68	FUN_001e6e68	28	thunk
001e6e88	FUN_001e6e88	944	unknown
001e7238	FUN_001e7238	100	unknown
001e72a0	FUN_001e72a0	152	unknown
001e7338	FUN_001e7338	212	unknown
001e7410	FUN_001e7410	512	unknown
001e7610	FUN_001e7610	424	partial
001e77b8	FUN_001e77b8	224	partial
001e7898	FUN_001e7898	228	unknown
001e7980	FUN_001e7980	304	unknown
001e7ab0	FUN_001e7ab0	636	partial
001e7d30	FUN_001e7d30	292	unknown
001e7e58	FUN_001e7e58	812	unknown
001e8188	FUN_001e8188	736	partial
001e8470	FUN_001e8470	1460	partial
001e8a30	FUN_001e8a30	60	unknown
001e8a70	FUN_001e8a70	132	unknown
001e8af8	FUN_001e8af8	48	thunk
001e8b28	FUN_001e8b28	352	unknown
001e8c90	FUN_001e8c90	692	unknown
001e8f48	FUN_001e8f48	96	unknown
001e8fa8	FUN_001e8fa8	344	unknown
001e9110	FUN_001e9110	508	unknown
001e9310	FUN_001e9310	720	unknown
001e95e8	FUN_001e95e8	860	unknown
001e9948	FUN_001e9948	192	unknown
001e9a08	FUN_001e9a08	452	unknown
001e9bd0	FUN_001e9bd0	900	unknown
001e9f58	FUN_001e9f58	856	unknown
001ea2b0	FUN_001ea2b0	68	unknown
001ea2f8	FUN_001ea2f8	272	unknown
001ea408	FUN_001ea408	136	unknown
001ea490	FUN_001ea490	136	unknown
001ea518	FUN_001ea518	192	unknown
001ea5d8	FUN_001ea5d8	352	unknown
001ea738	FUN_001ea738	88	unknown
001ea7e0	FUN_001ea7e0	44	thunk
001ea810	FUN_001ea810	12	thunk
001ea820	FUN_001ea820	44	thunk
001ea850	FUN_001ea850	44	thunk
001ea880	FUN_001ea880	44	thunk
001ea8b0	FUN_001ea8b0	36	thunk
001ea8d8	FUN_001ea8d8	1092	partial
001ead20	FUN_001ead20	164	unknown
001eadc8	FUN_001eadc8	152	unknown
001eae60	FUN_001eae60	248	unknown
001eaf58	FUN_001eaf58	24	unknown
001eaf70	FUN_001eaf70	608	unknown
001eb1d0	FUN_001eb1d0	228	unknown
001eb2b8	FUN_001eb2b8	124	unknown
001eb338	FUN_001eb338	312	unknown
001eb470	FUN_001eb470	320	unknown
001eb5b0	FUN_001eb5b0	356	unknown
001eb718	FUN_001eb718	324	unknown
001eb860	FUN_001eb860	36	thunk
001eb888	FUN_001eb888	152	unknown
001eb920	FUN_001eb920	464	unknown
001ebaf0	FUN_001ebaf0	184	unknown
001ebbb0	FUN_001ebbb0	180	unknown
001ebc68	FUN_001ebc68	108	unknown
001ebcd8	FUN_001ebcd8	84	unknown
001ebd30	FUN_001ebd30	180	unknown
001ebde8	FUN_001ebde8	112	unknown
001ebe58	FUN_001ebe58	136	unknown
001ebee0	FUN_001ebee0	36	thunk
001ebf08	FUN_001ebf08	76	unknown
001ebf58	FUN_001ebf58	52	unknown
001ebf90	FUN_001ebf90	76	unknown
001ebfe0	FUN_001ebfe0	52	unknown
001ec018	FUN_001ec018	52	unknown
001ec050	FUN_001ec050	216	unknown
001ec128	FUN_001ec128	72	unknown
001ec170	FUN_001ec170	72	unknown
001ec1b8	FUN_001ec1b8	64	unknown
001ec1f8	FUN_001ec1f8	472	unknown
001ec3d0	FUN_001ec3d0	64	unknown
001ec410	FUN_001ec410	240	unknown
001ec500	FUN_001ec500	76	unknown
001ec550	FUN_001ec550	212	unknown
001ec628	FUN_001ec628	248	unknown
001ec720	FUN_001ec720	36	thunk
001ec748	FUN_001ec748	224	unknown
001ec828	FUN_001ec828	192	unknown
001ec8e8	FUN_001ec8e8	28	thunk
001ec908	FUN_001ec908	6912	unknown
001ee428	FUN_001ee428	136	partial
001ee4b0	FUN_001ee4b0	100	unknown
001ee518	FUN_001ee518	292	unknown
001ee640	FUN_001ee640	672	partial
001ee8e0	FUN_001ee8e0	216	unknown
001ee9b8	FUN_001ee9b8	52	unknown
001ee9f0	FUN_001ee9f0	156	unknown
001eea90	FUN_001eea90	280	unknown
001eeba8	FUN_001eeba8	328	unknown
001eecf0	FUN_001eecf0	172	unknown
001eeda0	FUN_001eeda0	196	unknown
001eee68	FUN_001eee68	988	partial
001ef258	FUN_001ef258	764	partial
001ef560	FUN_001ef560	320	partial
001ef6a8	FUN_001ef6a8	88	unknown
001ef700	FUN_001ef700	84	unknown
001ef758	FUN_001ef758	156	unknown
001ef7f8	FUN_001ef7f8	116	unknown
001ef878	FUN_001ef878	132	unknown
001ef900	FUN_001ef900	52	unknown
001ef938	FUN_001ef938	76	unknown
001ef988	FUN_001ef988	80	unknown
001ef9d8	FUN_001ef9d8	36	unknown
001efa00	FUN_001efa00	96	unknown
001efa60	FUN_001efa60	28	thunk
001efa80	FUN_001efa80	264	unknown
001efb90	FUN_001efb90	80	unknown
001efbe0	FUN_001efbe0	172	unknown
001efc90	FUN_001efc90	236	unknown
001efd80	FUN_001efd80	188	unknown
001efe40	FUN_001efe40	100	unknown
001efea8	FUN_001efea8	440	unknown
001f0080	FUN_001f0080	540	unknown
001f02a0	FUN_001f02a0	1928	unknown
001f0a38	FUN_001f0a38	528	unknown
001f0c50	FUN_001f0c50	628	unknown
001f0ec8	FUN_001f0ec8	340	unknown
001f1020	FUN_001f1020	236	unknown
001f1110	FUN_001f1110	632	partial
001f1388	FUN_001f1388	3180	partial
001f1ff8	FUN_001f1ff8	240	partial
001f20e8	FUN_001f20e8	252	unknown
001f21e8	FUN_001f21e8	208	partial
001f22b8	FUN_001f22b8	112	unknown
001f2328	FUN_001f2328	420	unknown
001f24d0	FUN_001f24d0	372	partial
001f2648	FUN_001f2648	956	unknown
001f2a08	FUN_001f2a08	700	unknown
001f2cc8	FUN_001f2cc8	304	unknown
001f2df8	FUN_001f2df8	868	partial
001f3168	FUN_001f3168	2964	partial
001f3d00	FUN_001f3d00	748	partial
001f3ff0	FUN_001f3ff0	600	partial
001f4248	FUN_001f4248	252	unknown
001f4348	FUN_001f4348	1156	unknown
001f4820	FUN_001f4820	4984	partial
001f5bb0	FUN_001f5bb0	1104	unknown
001f6000	FUN_001f6000	1976	partial
001f67d0	FUN_001f67d0	1044	partial
001f6be8	FUN_001f6be8	48	thunk
001f6c18	FUN_001f6c18	24	thunk
001f6c30	FUN_001f6c30	380	unknown
001f6db0	FUN_001f6db0	292	partial
001f6ed8	FUN_001f6ed8	412	partial
001f7078	FUN_001f7078	228	unknown
001f71b8	FUN_001f71b8	408	unknown
001f7350	FUN_001f7350	360	partial
001f74c0	FUN_001f74c0	1352	partial
001f7a18	FUN_001f7a18	376	unknown
001f7b90	FUN_001f7b90	324	unknown
001f7cd8	FUN_001f7cd8	2644	partial
001f8738	FUN_001f8738	324	partial
001f8880	FUN_001f8880	248	unknown
001f8978	FUN_001f8978	420	unknown
001f8b20	FUN_001f8b20	28	thunk
001f8b40	FUN_001f8b40	228	unknown
001f8c28	FUN_001f8c28	164	unknown
001f8cd0	FUN_001f8cd0	108	unknown
001f8d40	FUN_001f8d40	108	unknown
001f8db0	FUN_001f8db0	3480	partial
001f9b58	FUN_001f9b58	1628	unknown
001fa1b8	FUN_001fa1b8	1444	partial
001fa760	FUN_001fa760	244	unknown
001fa858	FUN_001fa858	1304	unknown
001fad78	FUN_001fad78	80	thunk
001fadc8	FUN_001fadc8	184	unknown
001fae80	FUN_001fae80	80	partial
001faed0	FUN_001faed0	124	unknown
001faf50	FUN_001faf50	832	partial
001fb298	FUN_001fb298	1412	partial
001fb820	FUN_001fb820	60	unknown
001fb868	FUN_001fb868	152	unknown
001fb900	FUN_001fb900	204	partial
001fb9d0	FUN_001fb9d0	116	unknown
001fba48	FUN_001fba48	220	unknown
001fbb28	FUN_001fbb28	488	unknown
001fbd10	FUN_001fbd10	64	unknown
001fbd50	FUN_001fbd50	416	unknown
001fbef0	FUN_001fbef0	248	unknown
001fbfe8	FUN_001fbfe8	516	unknown
001fc1f0	FUN_001fc1f0	336	unknown
001fc348	FUN_001fc348	472	unknown
001fc520	FUN_001fc520	320	unknown
001fc660	FUN_001fc660	328	unknown
001fc7a8	FUN_001fc7a8	352	unknown
001fc908	FUN_001fc908	132	unknown
001fc990	FUN_001fc990	196	unknown
001fca58	FUN_001fca58	172	unknown
001fcb08	FUN_001fcb08	164	unknown
001fcbb0	FUN_001fcbb0	72	unknown
001fcbf8	FUN_001fcbf8	44	unknown
001fcc28	FUN_001fcc28	32	unknown
001fcc48	FUN_001fcc48	156	unknown
001fcce8	FUN_001fcce8	240	unknown
001fcdd8	FUN_001fcdd8	872	unknown
001fd140	FUN_001fd140	1000	unknown
001fd528	FUN_001fd528	120	unknown
001fd5a0	FUN_001fd5a0	1540	unknown
001fdbb0	FUN_001fdbb0	1216	unknown
001fe078	FUN_001fe078	624	unknown
001fe2e8	FUN_001fe2e8	1392	unknown
001fe858	FUN_001fe858	160	unknown
001fe8f8	FUN_001fe8f8	376	unknown
001fea78	FUN_001fea78	208	unknown
001feb50	FUN_001feb50	824	unknown
001fee88	FUN_001fee88	92	unknown
001feee8	FUN_001feee8	1228	partial
001ff3b8	FUN_001ff3b8	872	partial
001ff720	FUN_001ff720	176	unknown
001ff7d0	FUN_001ff7d0	64	unknown
001ff810	FUN_001ff810	336	unknown
001ff960	FUN_001ff960	168	unknown
001ffa18	FUN_001ffa18	300	unknown
001ffb48	FUN_001ffb48	372	unknown
001ffcd0	FUN_001ffcd0	796	unknown
001ffff8	FUN_001ffff8	2540	unknown
00200a00	FUN_00200a00	8	thunk
00200a08	FUN_00200a08	1024	unknown
00200e08	FUN_00200e08	68	unknown
00200e50	FUN_00200e50	224	unknown
00200f30	FUN_00200f30	76	unknown
00200f80	FUN_00200f80	68	unknown
00200fc8	FUN_00200fc8	220	unknown
002010a8	FUN_002010a8	408	unknown
00201240	FUN_00201240	156	unknown
002012e0	FUN_002012e0	644	unknown
00201568	FUN_00201568	296	unknown
00201690	FUN_00201690	88	unknown
002016e8	FUN_002016e8	3108	unknown
00202310	FUN_00202310	208	unknown
002023e0	FUN_002023e0	72	unknown
00202428	FUN_00202428	624	unknown
002026a0	FUN_002026a0	48	thunk
002026d0	FUN_002026d0	232	unknown
002027b8	FUN_002027b8	96	unknown
00202818	FUN_00202818	1016	unknown
00202c18	FUN_00202c18	1172	unknown
002030b0	FUN_002030b0	52	thunk
002030e8	FUN_002030e8	116	unknown
00203160	FUN_00203160	520	unknown
00203368	FUN_00203368	780	unknown
00203678	FUN_00203678	388	unknown
00203800	FUN_00203800	548	unknown
00203a28	FUN_00203a28	604	unknown
00203c88	FUN_00203c88	444	unknown
00203e48	FUN_00203e48	180	unknown
00203f00	FUN_00203f00	868	unknown
00204270	FUN_00204270	956	unknown
00204768	FUN_00204768	300	unknown
00204898	FUN_00204898	1232	unknown
00204d70	FUN_00204d70	156	unknown
00204e10	FUN_00204e10	60	unknown
00204e50	FUN_00204e50	164	unknown
00204ef8	FUN_00204ef8	344	unknown
00205050	FUN_00205050	60	unknown
00205090	FUN_00205090	640	unknown
00205318	FUN_00205318	184	unknown
002053d0	FUN_002053d0	244	unknown
002054c8	FUN_002054c8	244	unknown
002055c0	FUN_002055c0	48	thunk
002055f0	FUN_002055f0	100	unknown
00205658	FUN_00205658	52	unknown
00205690	FUN_00205690	268	unknown
002057a0	FUN_002057a0	16	thunk
002057b0	FUN_002057b0	332	unknown
00205900	FUN_00205900	36	partial
00205928	FUN_00205928	332	unknown
00205a78	FUN_00205a78	476	unknown
00205c58	FUN_00205c58	2172	unknown
002064e0	FUN_002064e0	176	unknown
00206590	FUN_00206590	8	thunk
00206598	FUN_00206598	188	unknown
00206658	FUN_00206658	264	unknown
00206760	FUN_00206760	152	unknown
002067f8	FUN_002067f8	196	unknown
002068c0	FUN_002068c0	84	unknown
00206918	FUN_00206918	52	unknown
00206950	FUN_00206950	552	unknown
00206b78	FUN_00206b78	256	unknown
00206c78	FUN_00206c78	172	unknown
00206d28	FUN_00206d28	52	unknown
00206d60	FUN_00206d60	1552	unknown
00207378	FUN_00207378	236	unknown
00207468	FUN_00207468	248	unknown
00207560	FUN_00207560	508	unknown
00207760	FUN_00207760	328	unknown
002078a8	FUN_002078a8	544	unknown
00207ac8	FUN_00207ac8	952	unknown
00207e88	FUN_00207e88	296	unknown
00207fb0	FUN_00207fb0	1356	unknown
00208508	FUN_00208508	68	unknown
00208550	FUN_00208550	148	unknown
002085e8	FUN_002085e8	156	unknown
00208688	FUN_00208688	264	unknown
00208790	FUN_00208790	88	unknown
002087e8	FUN_002087e8	752	unknown
00208ae0	FUN_00208ae0	936	unknown
00208e90	FUN_00208e90	40	unknown
00208eb8	FUN_00208eb8	296	unknown
00208fe0	FUN_00208fe0	88	unknown
00209038	FUN_00209038	92	unknown
00209098	FUN_00209098	240	unknown
00209188	FUN_00209188	7576	partial
0020af38	FUN_0020af38	52	unknown
0020af70	FUN_0020af70	44	unknown
0020aff0	FUN_0020aff0	228	unknown
0020b0d8	FUN_0020b0d8	128	unknown
0020b158	FUN_0020b158	280	unknown
0020b270	FUN_0020b270	8	thunk
0020b278	FUN_0020b278	120	unknown
0020b2f0	FUN_0020b2f0	68	unknown
0020b338	FUN_0020b338	148	unknown
0020b3d0	FUN_0020b3d0	44	unknown
0020b400	FUN_0020b400	144	unknown
0020b490	FUN_0020b490	176	unknown
0020b540	FUN_0020b540	48	unknown
0020b570	FUN_0020b570	560	unknown
0020b7a8	FUN_0020b7a8	144	unknown
0020b838	FUN_0020b838	8	thunk
0020b840	FUN_0020b840	12	thunk
0020b850	FUN_0020b850	8	thunk
0020b858	FUN_0020b858	8	thunk
0020b860	FUN_0020b860	56	unknown
0020b898	FUN_0020b898	16	thunk
0020b8a8	FUN_0020b8a8	16	thunk
0020b8b8	FUN_0020b8b8	16	thunk
0020b8c8	FUN_0020b8c8	72	unknown
0020b918	FUN_0020b918	12	thunk
0020b928	FUN_0020b928	124	unknown
0020b9a8	FUN_0020b9a8	256	unknown
0020baa8	FUN_0020baa8	96	unknown
0020bb08	FUN_0020bb08	1140	partial
0020bf80	FUN_0020bf80	372	unknown
0020c0f8	FUN_0020c0f8	2036	unknown
0020c8f8	FUN_0020c8f8	420	unknown
0020caa0	FUN_0020caa0	452	unknown
0020cc68	FUN_0020cc68	84	unknown
0020ccc0	FUN_0020ccc0	432	unknown
0020ce70	FUN_0020ce70	88	unknown
0020cec8	FUN_0020cec8	2028	unknown
0020d6b8	FUN_0020d6b8	848	unknown
0020da10	FUN_0020da10	196	unknown
0020dad8	FUN_0020dad8	512	unknown
0020dcd8	FUN_0020dcd8	368	unknown
0020de48	FUN_0020de48	492	unknown
0020e038	FUN_0020e038	1972	unknown
0020e7f0	FUN_0020e7f0	488	unknown
0020e9e0	FUN_0020e9e0	216	unknown
0020eab8	FUN_0020eab8	1452	unknown
0020f068	FUN_0020f068	532	unknown
0020f330	FUN_0020f330	2068	unknown
0020fb50	FUN_0020fb50	632	unknown
0020fdd0	FUN_0020fdd0	308	unknown
0020ff08	FUN_0020ff08	1420	unknown
00210498	FUN_00210498	292	unknown
002105c0	FUN_002105c0	112	unknown
00210638	FUN_00210638	88	unknown
00210690	FUN_00210690	144	understood
00210728	FUN_00210728	804	partial
00210a60	FUN_00210a60	600	unknown
00210cc0	FUN_00210cc0	252	unknown
00210dc0	FUN_00210dc0	240	unknown
00210eb0	FUN_00210eb0	236	unknown
00210fa0	FUN_00210fa0	64	unknown
00210fe8	FUN_00210fe8	468	unknown
002111c0	FUN_002111c0	204	unknown
00211290	FUN_00211290	572	unknown
002114d0	FUN_002114d0	748	unknown
002117c0	FUN_002117c0	196	unknown
00211888	FUN_00211888	1080	unknown
00211cc8	FUN_00211cc8	2000	unknown
00212498	FUN_00212498	484	unknown
00212680	FUN_00212680	24	thunk
00212698	FUN_00212698	24	thunk
002126b0	FUN_002126b0	232	unknown
00212798	FUN_00212798	116	unknown
00212810	FUN_00212810	980	unknown
00212be8	FUN_00212be8	1112	unknown
00213048	FUN_00213048	1164	unknown
002134e0	FUN_002134e0	20	thunk
002134f8	FUN_002134f8	28	thunk
00213518	FUN_00213518	212	unknown
002135f0	FUN_002135f0	144	unknown
00213680	FUN_00213680	164	unknown
00213728	FUN_00213728	568	unknown
00213968	FUN_00213968	304	unknown
00213a98	FUN_00213a98	264	unknown
00213ba0	FUN_00213ba0	104	unknown
00213c08	FUN_00213c08	84	unknown
00213c60	FUN_00213c60	620	unknown
00213ed0	FUN_00213ed0	212	unknown
00213fa8	FUN_00213fa8	212	unknown
00214080	FUN_00214080	252	unknown
00214180	FUN_00214180	440	partial
00214338	FUN_00214338	32	thunk
00214358	FUN_00214358	60	unknown
00214398	FUN_00214398	88	unknown
002143f0	FUN_002143f0	520	unknown
00214600	FUN_00214600	228	unknown
002146e8	FUN_002146e8	244	unknown
002147e0	FUN_002147e0	72	unknown
00214828	FUN_00214828	484	unknown
00214a10	FUN_00214a10	916	unknown
00214da8	FUN_00214da8	2520	unknown
00215790	FUN_00215790	208	unknown
00215860	FUN_00215860	1092	unknown
00215cb0	FUN_00215cb0	1124	partial
00216118	FUN_00216118	112	unknown
00216188	FUN_00216188	180	unknown
00216240	FUN_00216240	184	unknown
00216300	FUN_00216300	60	unknown
00216340	FUN_00216340	72	unknown
00216388	FUN_00216388	144	unknown
00216418	FUN_00216418	276	unknown
00216530	FUN_00216530	148	partial
002165c8	FUN_002165c8	16	thunk
002165d8	FUN_002165d8	56	thunk
00216610	FUN_00216610	60	unknown
00216650	FUN_00216650	48	thunk
00216680	FUN_00216680	48	thunk
002166b0	FUN_002166b0	36	thunk
002166d8	FUN_002166d8	128	partial
00216760	FUN_00216760	348	unknown
002168c0	FUN_002168c0	28	thunk
002168e0	FUN_002168e0	200	unknown
002169a8	FUN_002169a8	84	unknown
00216a00	FUN_00216a00	80	partial
00216a50	FUN_00216a50	152	unknown
00216ae8	FUN_00216ae8	92	unknown
00216b48	FUN_00216b48	124	unknown
00216bc8	FUN_00216bc8	16	thunk
00216bd8	FUN_00216bd8	232	unknown
00216cc0	FUN_00216cc0	28	thunk
00216ce0	FUN_00216ce0	280	unknown
00216df8	FUN_00216df8	1532	unknown
002173f8	FUN_002173f8	60	unknown
00217438	FUN_00217438	40	thunk
00217460	FUN_00217460	80	unknown
002174b8	FUN_002174b8	28	thunk
002174d8	FUN_002174d8	120	unknown
00217550	FUN_00217550	216	unknown
00217628	FUN_00217628	780	unknown
00217938	FUN_00217938	20	thunk
00217950	FUN_00217950	8	thunk
00217958	FUN_00217958	492	unknown
00217b48	FUN_00217b48	804	unknown
00217e70	FUN_00217e70	436	unknown
00218028	FUN_00218028	360	unknown
00218190	FUN_00218190	504	unknown
00218390	FUN_00218390	340	unknown
002184e8	FUN_002184e8	108	unknown
00218558	FUN_00218558	160	unknown
00218600	FUN_00218600	112	unknown
00218670	FUN_00218670	144	unknown
00218700	FUN_00218700	340	unknown
00218858	FUN_00218858	36	unknown
00218880	FUN_00218880	1532	unknown
00218e80	FUN_00218e80	84	unknown
00218ed8	FUN_00218ed8	212	partial
00218fb0	FUN_00218fb0	136	unknown
00219038	FUN_00219038	52	unknown
00219070	FUN_00219070	140	partial
00219100	FUN_00219100	420	unknown
002192a8	FUN_002192a8	56	unknown
002192e0	FUN_002192e0	248	unknown
002193d8	FUN_002193d8	356	unknown
00219540	FUN_00219540	236	unknown
00219630	FUN_00219630	392	unknown
002197c0	FUN_002197c0	364	unknown
00219938	FUN_00219938	104	unknown
002199a0	FUN_002199a0	184	unknown
00219a58	FUN_00219a58	432	unknown
00219c08	FUN_00219c08	56	unknown
00219c40	FUN_00219c40	76	unknown
00219c90	FUN_00219c90	56	unknown
00219cc8	FUN_00219cc8	72	unknown
00219d10	FUN_00219d10	184	unknown
00219dd0	FUN_00219dd0	108	unknown
00219e40	FUN_00219e40	436	unknown
00219ff8	FUN_00219ff8	436	unknown
0021a1b0	FUN_0021a1b0	332	unknown
0021a300	FUN_0021a300	556	unknown
0021a530	FUN_0021a530	176	unknown
0021a5e0	FUN_0021a5e0	520	unknown
0021a7e8	FUN_0021a7e8	108	unknown
0021a858	FUN_0021a858	448	unknown
0021aa20	FUN_0021aa20	80	unknown
0021aa70	FUN_0021aa70	448	unknown
0021ac38	FUN_0021ac38	436	unknown
0021adf0	FUN_0021adf0	436	unknown
0021afa8	FUN_0021afa8	172	understood
0021b058	FUN_0021b058	88	understood
0021b0b0	FUN_0021b0b0	332	unknown
0021b200	FUN_0021b200	36	unknown
0021b228	FUN_0021b228	1448	partial
0021b7d8	FUN_0021b7d8	700	partial
0021ba98	FUN_0021ba98	264	partial
0021bba8	FUN_0021bba8	752	partial
0021be98	FUN_0021be98	24	thunk
0021beb0	FUN_0021beb0	568	unknown
0021c0e8	FUN_0021c0e8	32	thunk
0021c108	FUN_0021c108	316	unknown
0021c248	FUN_0021c248	332	unknown
0021c398	FUN_0021c398	260	partial
0021c4a0	FUN_0021c4a0	196	unknown
0021c568	FUN_0021c568	116	unknown
0021c5e0	FUN_0021c5e0	128	unknown
0021c660	FUN_0021c660	44	unknown
0021c690	FUN_0021c690	44	unknown
0021c6c0	FUN_0021c6c0	28	unknown
0021c6e0	FUN_0021c6e0	180	unknown
0021c798	FUN_0021c798	252	unknown
0021c898	FUN_0021c898	588	unknown
0021cae8	FUN_0021cae8	272	unknown
0021cbf8	FUN_0021cbf8	60	unknown
0021cc38	FUN_0021cc38	60	partial
0021cc78	FUN_0021cc78	192	unknown
0021cd38	FUN_0021cd38	116	unknown
0021cdb0	FUN_0021cdb0	116	unknown
0021ce28	FUN_0021ce28	156	partial
0021cf70	FUN_0021cf70	196	partial
0021d038	FUN_0021d038	276	partial
0021d150	FUN_0021d150	1436	partial
0021d6f0	FUN_0021d6f0	716	partial
0021d9c0	FUN_0021d9c0	1372	understood
0021df20	FUN_0021df20	308	understood
0021e058	FUN_0021e058	896	unknown
0021e3d8	FUN_0021e3d8	1060	unknown
0021e800	FUN_0021e800	404	unknown
0021e998	FUN_0021e998	1076	partial
0021edd0	FUN_0021edd0	1184	partial
0021f278	FUN_0021f278	636	unknown
0021f4f8	FUN_0021f4f8	3276	unknown
002201d0	FUN_002201d0	304	unknown
00220300	FUN_00220300	2660	unknown
00220d68	FUN_00220d68	448	unknown
00220f30	FUN_00220f30	500	unknown
00221128	FUN_00221128	404	unknown
002212c0	FUN_002212c0	656	unknown
00221558	FUN_00221558	800	unknown
00221878	FUN_00221878	524	unknown
00221a88	FUN_00221a88	80	understood
00221ad8	FUN_00221ad8	156	understood
00221b78	FUN_00221b78	100	unknown
00221be0	FUN_00221be0	416	partial
00221d80	FUN_00221d80	1072	partial
002221b0	FUN_002221b0	160	partial
00222250	FUN_00222250	516	unknown
00222458	FUN_00222458	100	unknown
002224c0	FUN_002224c0	324	unknown
00222608	FUN_00222608	24	thunk
00222620	FUN_00222620	348	unknown
00222780	FUN_00222780	1636	unknown
00222de8	FUN_00222de8	124	unknown
00222e68	FUN_00222e68	192	unknown
00222f30	FUN_00222f30	360	unknown
00223098	FUN_00223098	256	unknown
00223198	FUN_00223198	156	partial
00223238	FUN_00223238	64	unknown
00223278	FUN_00223278	72	unknown
002232c0	FUN_002232c0	64	unknown
00223300	FUN_00223300	72	unknown
00223348	FUN_00223348	64	unknown
00223388	FUN_00223388	72	unknown
002233d0	FUN_002233d0	164	partial
00223478	FUN_00223478	1676	partial
00223b10	FUN_00223b10	732	unknown
00223df0	FUN_00223df0	216	partial
00223ec8	FUN_00223ec8	100	unknown
00223f30	FUN_00223f30	120	unknown
00223fa8	FUN_00223fa8	112	partial
00224018	FUN_00224018	1096	unknown
00224460	FUN_00224460	344	unknown
002245b8	FUN_002245b8	64	unknown
002245f8	FUN_002245f8	44	unknown
00224628	FUN_00224628	300	unknown
00224758	FUN_00224758	112	unknown
002247c8	FUN_002247c8	812	partial
00224af8	FUN_00224af8	144	partial
00224b88	FUN_00224b88	68	unknown
00224bd0	FUN_00224bd0	44	thunk
00224c00	FUN_00224c00	48	thunk
00224c30	FUN_00224c30	344	partial
00224d88	FUN_00224d88	136	unknown
00224e18	FUN_00224e18	60	unknown
00224e58	FUN_00224e58	888	partial
002251d8	FUN_002251d8	320	unknown
00225318	FUN_00225318	1028	partial
00225720	FUN_00225720	96	partial
00225780	FUN_00225780	804	partial
00225aa8	FUN_00225aa8	844	partial
00225e00	FUN_00225e00	724	unknown
002260d8	FUN_002260d8	200	unknown
002261a0	FUN_002261a0	320	partial
002262e8	FUN_002262e8	492	unknown
002264d8	FUN_002264d8	288	unknown
00226600	FUN_00226600	196	unknown
002266c8	FUN_002266c8	224	unknown
002267a8	FUN_002267a8	836	unknown
00226af0	FUN_00226af0	1368	understood
00227048	FUN_00227048	3016	partial
00227c18	FUN_00227c18	780	partial
00227f28	FUN_00227f28	1436	partial
002284c8	FUN_002284c8	2740	understood
00228f90	FUN_00228f90	11012	partial
0022bab0	FUN_0022bab0	620	partial
0022bd20	FUN_0022bd20	240	partial
0022be10	FUN_0022be10	132	unknown
0022be98	FUN_0022be98	884	unknown
0022c210	FUN_0022c210	60	unknown
0022c250	FUN_0022c250	120	understood
0022c2c8	FUN_0022c2c8	1896	unknown
0022ca38	FUN_0022ca38	216	unknown
0022cb10	FUN_0022cb10	160	unknown
0022cbb0	FUN_0022cbb0	68	unknown
0022cbf8	FUN_0022cbf8	200	unknown
0022ccc0	FUN_0022ccc0	180	partial
0022cd78	FUN_0022cd78	260	unknown
0022ce80	FUN_0022ce80	316	unknown
0022cfc0	FUN_0022cfc0	456	unknown
0022d188	FUN_0022d188	80	unknown
0022d1d8	FUN_0022d1d8	192	unknown
0022d298	FUN_0022d298	96	unknown
0022d2f8	FUN_0022d2f8	52	unknown
0022d330	FUN_0022d330	92	unknown
0022d390	FUN_0022d390	288	unknown
0022d4b0	FUN_0022d4b0	256	unknown
0022d5b8	FUN_0022d5b8	108	unknown
0022d628	FUN_0022d628	132	unknown
0022d6b0	FUN_0022d6b0	64	unknown
0022d6f0	FUN_0022d6f0	88	unknown
0022d748	FUN_0022d748	60	unknown
0022d788	FUN_0022d788	52	unknown
0022d7c0	FUN_0022d7c0	184	unknown
0022d878	FUN_0022d878	52	thunk
0022d8b0	FUN_0022d8b0	372	unknown
0022da28	FUN_0022da28	72	unknown
0022da70	FUN_0022da70	64	unknown
0022dab0	FUN_0022dab0	72	unknown
0022daf8	FUN_0022daf8	120	unknown
0022db70	FUN_0022db70	464	unknown
0022dd40	FUN_0022dd40	92	unknown
0022dda0	FUN_0022dda0	188	unknown
0022de60	FUN_0022de60	8	thunk
0022de68	FUN_0022de68	72	partial
0022deb0	FUN_0022deb0	212	unknown
0022df88	FUN_0022df88	616	unknown
0022e1f0	FUN_0022e1f0	56	unknown
0022e228	FUN_0022e228	716	unknown
0022e4f8	FUN_0022e4f8	44	thunk
0022e528	FUN_0022e528	48	thunk
0022e558	FUN_0022e558	748	unknown
0022e848	FUN_0022e848	136	unknown
0022e8d8	FUN_0022e8d8	48	unknown
0022e908	FUN_0022e908	44	unknown
0022e9b8	FUN_0022e9b8	216	unknown
0022ea90	FUN_0022ea90	440	unknown
0022ec48	FUN_0022ec48	320	unknown
0022ed90	FUN_0022ed90	324	unknown
0022eed8	FUN_0022eed8	92	unknown
0022ef38	FUN_0022ef38	240	unknown
0022f028	FUN_0022f028	920	unknown
0022f3c8	FUN_0022f3c8	480	unknown
0022f5a8	FUN_0022f5a8	316	unknown
0022f6e8	FUN_0022f6e8	220	unknown
0022f7c8	FUN_0022f7c8	1212	unknown
0022fc88	FUN_0022fc88	1344	unknown
002301d0	FUN_002301d0	344	unknown
00230328	FUN_00230328	324	unknown
00230470	FUN_00230470	440	unknown
00230628	FUN_00230628	372	unknown
002307a0	FUN_002307a0	36	thunk
002307c8	FUN_002307c8	1172	unknown
00230c68	FUN_00230c68	912	unknown
00230ff8	FUN_00230ff8	300	unknown
00231128	FUN_00231128	556	unknown
00231358	FUN_00231358	64	unknown
00231398	FUN_00231398	72	unknown
002313e0	FUN_002313e0	160	unknown
00231480	FUN_00231480	52	thunk
002314b8	FUN_002314b8	320	unknown
002315f8	FUN_002315f8	204	unknown
002316c8	FUN_002316c8	88	unknown
00231720	FUN_00231720	64	unknown
00231760	FUN_00231760	448	unknown
00231920	FUN_00231920	80	unknown
00231970	FUN_00231970	64	unknown
002319b0	FUN_002319b0	72	unknown
002319f8	FUN_002319f8	80	unknown
00231a48	FUN_00231a48	328	partial
00231b90	FUN_00231b90	924	unknown
00231f38	FUN_00231f38	88	unknown
00231f90	FUN_00231f90	244	unknown
00232088	FUN_00232088	160	unknown
00232128	FUN_00232128	236	partial
00232218	FUN_00232218	72	unknown
00232260	FUN_00232260	16	thunk
00232270	FUN_00232270	180	unknown
00232328	FUN_00232328	16	thunk
00232338	FUN_00232338	128	partial
002323b8	FUN_002323b8	272	unknown
002324c8	FUN_002324c8	244	unknown
002325c0	FUN_002325c0	120	unknown
00232638	FUN_00232638	572	partial
00232878	FUN_00232878	52	unknown
002328b0	FUN_002328b0	484	partial
00232a98	FUN_00232a98	176	unknown
00232b48	FUN_00232b48	240	unknown
00232c38	FUN_00232c38	688	partial
00232ee8	FUN_00232ee8	284	unknown
00233008	FUN_00233008	44	unknown
00233038	FUN_00233038	72	unknown
00233080	FUN_00233080	132	unknown
00233108	FUN_00233108	40	thunk
00233130	FUN_00233130	232	unknown
00233218	FUN_00233218	12	thunk
00233228	FUN_00233228	12	thunk
00233238	FUN_00233238	16	thunk
00233248	FUN_00233248	16	thunk
00233258	FUN_00233258	140	unknown
002332e8	FUN_002332e8	144	unknown
00233378	FUN_00233378	160	unknown
00233418	FUN_00233418	8	thunk
00233420	FUN_00233420	124	unknown
002334a0	FUN_002334a0	512	unknown
002336a0	FUN_002336a0	72	unknown
002336e8	FUN_002336e8	2508	unknown
002340b8	FUN_002340b8	1364	unknown
00234610	FUN_00234610	1464	unknown
00234bd0	FUN_00234bd0	32	unknown
00234bf0	FUN_00234bf0	256	unknown
00234cf0	FUN_00234cf0	304	unknown
00234e20	FUN_00234e20	36	unknown
00234e48	FUN_00234e48	84	unknown
00234ea0	FUN_00234ea0	52	unknown
00234ed8	FUN_00234ed8	132	unknown
00234f60	FUN_00234f60	32	unknown
00234f80	FUN_00234f80	16	thunk
00234f90	FUN_00234f90	12	thunk
00234fa0	FUN_00234fa0	8	thunk
00234fa8	FUN_00234fa8	408	unknown
00235148	FUN_00235148	388	unknown
002352d0	FUN_002352d0	192	unknown
00235398	FUN_00235398	200	unknown
00235460	FUN_00235460	200	unknown
00235528	FUN_00235528	176	unknown
002355d8	FUN_002355d8	100	unknown
00235640	FUN_00235640	284	unknown
00235760	FUN_00235760	184	unknown
00235818	FUN_00235818	316	unknown
00235960	FUN_00235960	148	unknown
002359f8	FUN_002359f8	220	unknown
00235ad8	FUN_00235ad8	20	unknown
00235af0	FUN_00235af0	200	unknown
00235bc0	FUN_00235bc0	516	unknown
00235dc8	FUN_00235dc8	1188	unknown
00236270	FUN_00236270	336	unknown
002363c0	FUN_002363c0	992	unknown
002367a0	FUN_002367a0	352	unknown
00236908	FUN_00236908	1068	unknown
00236d40	FUN_00236d40	1080	unknown
00237180	FUN_00237180	824	unknown
002374b8	FUN_002374b8	948	unknown
00237870	FUN_00237870	88	unknown
002378c8	FUN_002378c8	164	unknown
00237970	FUN_00237970	148	unknown
00237a08	FUN_00237a08	64	unknown
00237a50	FUN_00237a50	152	unknown
00237ae8	FUN_00237ae8	80	unknown
00237b38	FUN_00237b38	56	unknown
00237b70	FUN_00237b70	272	unknown
00237c80	FUN_00237c80	80	unknown
00237cd0	FUN_00237cd0	332	unknown
00237e28	FUN_00237e28	5244	unknown
002392b0	FUN_002392b0	820	unknown
002395e8	FUN_002395e8	72	unknown
00239630	FUN_00239630	788	unknown
00239948	FUN_00239948	104	unknown
002399b0	FUN_002399b0	52	unknown
002399e8	FUN_002399e8	132	unknown
00239a70	FUN_00239a70	464	unknown
00239c40	FUN_00239c40	72	unknown
00239c88	FUN_00239c88	220	unknown
00239d68	FUN_00239d68	176	unknown
00239e20	FUN_00239e20	104	unknown
00239e90	FUN_00239e90	12	thunk
00239ea0	FUN_00239ea0	36	unknown
00239ec8	FUN_00239ec8	928	unknown
0023a270	FUN_0023a270	620	unknown
0023a4e0	FUN_0023a4e0	68	unknown
0023a528	FUN_0023a528	44	thunk
0023a560	FUN_0023a560	160	unknown
0023a600	FUN_0023a600	264	unknown
0023a708	FUN_0023a708	140	unknown
0023a798	FUN_0023a798	148	unknown
0023a830	FUN_0023a830	140	unknown
0023a8c0	FUN_0023a8c0	232	unknown
0023a9a8	FUN_0023a9a8	108	unknown
0023aa18	FUN_0023aa18	64	unknown
0023aa58	FUN_0023aa58	72	unknown
0023aaa0	FUN_0023aaa0	172	understood
0023ab50	FUN_0023ab50	188	unknown
0023ac10	FUN_0023ac10	132	understood
0023ac98	FUN_0023ac98	56	understood
0023acd0	FUN_0023acd0	88	understood
0023ad28	FUN_0023ad28	972	understood
0023b0f8	FUN_0023b0f8	80	unknown
0023b148	FUN_0023b148	100	unknown
0023b1b0	FUN_0023b1b0	348	unknown
0023b310	FUN_0023b310	588	unknown
0023b560	FUN_0023b560	88	unknown
0023b5b8	FUN_0023b5b8	908	unknown
0023b948	FUN_0023b948	28	thunk
0023b970	FUN_0023b970	432	unknown
0023bb20	FUN_0023bb20	188	unknown
0023bbe0	FUN_0023bbe0	228	unknown
0023bcc8	FUN_0023bcc8	168	unknown
0023bd70	FUN_0023bd70	116	unknown
0023bde8	FUN_0023bde8	120	unknown
0023be60	FUN_0023be60	84	unknown
0023beb8	FUN_0023beb8	68	unknown
0023bf00	FUN_0023bf00	48	unknown
0023bf30	FUN_0023bf30	480	unknown
0023c118	FUN_0023c118	616	unknown
0023c390	FUN_0023c390	2276	unknown
0023cc78	FUN_0023cc78	136	unknown
0023cd00	FUN_0023cd00	80	partial
0023cd50	FUN_0023cd50	216	unknown
0023ce28	FUN_0023ce28	116	unknown
0023cea0	FUN_0023cea0	64	unknown
0023cee0	FUN_0023cee0	72	unknown
0023cf28	FUN_0023cf28	2668	partial
0023d998	FUN_0023d998	340	unknown
0023daf0	FUN_0023daf0	708	unknown
0023ddb8	FUN_0023ddb8	208	unknown
0023de88	FUN_0023de88	208	unknown
0023df58	FUN_0023df58	1272	partial
0023e460	FUN_0023e460	100	unknown
0023e4c8	FUN_0023e4c8	1108	unknown
0023e920	FUN_0023e920	48	unknown
0023e950	FUN_0023e950	3780	unknown
0023f820	FUN_0023f820	2080	unknown
00240048	FUN_00240048	4240	unknown
002410e0	FUN_002410e0	244	unknown
002411d8	FUN_002411d8	20	thunk
002411f0	FUN_002411f0	20	thunk
00241208	FUN_00241208	44	unknown
00241238	FUN_00241238	224	unknown
00241318	FUN_00241318	48	thunk
00241348	FUN_00241348	48	thunk
00241378	FUN_00241378	44	unknown
002413a8	FUN_002413a8	200	unknown
00241470	FUN_00241470	48	unknown
002414a0	FUN_002414a0	188	unknown
00241560	FUN_00241560	80	unknown
002415b0	FUN_002415b0	64	unknown
002415f0	FUN_002415f0	72	unknown
00241638	FUN_00241638	64	unknown
00241678	FUN_00241678	72	unknown
002416c0	FUN_002416c0	404	partial
00241860	FUN_00241860	176	partial
00241910	FUN_00241910	232	unknown
002419f8	FUN_002419f8	1316	unknown
00241f20	FUN_00241f20	328	unknown
00242068	FUN_00242068	372	partial
002421e0	FUN_002421e0	176	partial
00242290	FUN_00242290	196	unknown
00242358	FUN_00242358	488	unknown
00242540	FUN_00242540	20	thunk
00242558	FUN_00242558	56	unknown
00242590	FUN_00242590	92	partial
002425f0	FUN_002425f0	336	unknown
00242740	FUN_00242740	196	unknown
00242808	FUN_00242808	136	unknown
00242890	FUN_00242890	292	unknown
002429b8	FUN_002429b8	496	unknown
00242ba8	FUN_00242ba8	556	unknown
00242dd8	FUN_00242dd8	60	unknown
00242e18	FUN_00242e18	224	unknown
00242ef8	FUN_00242ef8	244	partial
00242ff0	FUN_00242ff0	884	partial
00243368	FUN_00243368	44	thunk
00243398	FUN_00243398	28	thunk
002433b8	FUN_002433b8	96	unknown
00243418	FUN_00243418	56	unknown
00243450	FUN_00243450	96	partial
002434b0	FUN_002434b0	156	unknown
00243550	FUN_00243550	148	partial
002435e8	FUN_002435e8	88	unknown
00243640	FUN_00243640	68	unknown
00243688	FUN_00243688	256	unknown
00243788	FUN_00243788	256	partial
00243888	FUN_00243888	100	partial
002438f0	FUN_002438f0	572	unknown
00243b30	FUN_00243b30	32	thunk
00243b50	FUN_00243b50	64	unknown
00243b90	FUN_00243b90	72	unknown
00243bd8	FUN_00243bd8	68	unknown
00243c20	FUN_00243c20	92	unknown
00243c80	FUN_00243c80	128	unknown
00243d00	FUN_00243d00	120	unknown
00243d78	FUN_00243d78	120	unknown
00243df0	FUN_00243df0	156	unknown
00243e90	FUN_00243e90	284	unknown
00243fb0	FUN_00243fb0	64	unknown
00243ff0	FUN_00243ff0	72	unknown
00244038	FUN_00244038	36	unknown
00244060	FUN_00244060	256	unknown
00244160	FUN_00244160	788	unknown
00244478	FUN_00244478	320	unknown
002445b8	FUN_002445b8	64	unknown
002445f8	FUN_002445f8	72	unknown
00244640	FUN_00244640	244	unknown
00244738	FUN_00244738	112	unknown
002447a8	FUN_002447a8	1836	unknown
00244ed8	FUN_00244ed8	64	unknown
00244f18	FUN_00244f18	72	unknown
00244f60	FUN_00244f60	64	unknown
00244fa0	FUN_00244fa0	72	unknown
00244fe8	FUN_00244fe8	132	unknown
00245070	FUN_00245070	80	unknown
002450c0	FUN_002450c0	120	unknown
00245138	FUN_00245138	108	unknown
002451a8	FUN_002451a8	96	unknown
00245208	FUN_00245208	616	unknown
00245470	FUN_00245470	716	unknown
00245740	FUN_00245740	120	unknown
002457b8	FUN_002457b8	64	unknown
002457f8	FUN_002457f8	64	thunk
00245838	FUN_00245838	280	unknown
00245950	FUN_00245950	60	unknown
00245990	FUN_00245990	60	unknown
002459d0	FUN_002459d0	172	unknown
00245a80	FUN_00245a80	100	unknown
00245ae8	FUN_00245ae8	12	thunk
00245af8	FUN_00245af8	76	unknown
00245b48	FUN_00245b48	808	partial
00245e78	FUN_00245e78	252	unknown
00245f78	FUN_00245f78	240	unknown
00246068	FUN_00246068	888	unknown
002463e0	FUN_002463e0	32	thunk
00246400	FUN_00246400	8	thunk
00246408	FUN_00246408	448	unknown
002465c8	FUN_002465c8	184	partial
00246680	FUN_00246680	428	unknown
00246830	FUN_00246830	376	unknown
002469a8	FUN_002469a8	172	partial
00246a58	FUN_00246a58	80	unknown
00246aa8	FUN_00246aa8	44	unknown
00246ad8	FUN_00246ad8	128	unknown
00246b58	FUN_00246b58	52	thunk
00246b90	FUN_00246b90	56	unknown
00246bc8	FUN_00246bc8	96	unknown
00246c28	FUN_00246c28	84	unknown
00246c80	FUN_00246c80	584	unknown
00246ec8	FUN_00246ec8	56	unknown
00246f00	FUN_00246f00	140	unknown
00246f90	FUN_00246f90	20	thunk
00246fa8	FUN_00246fa8	64	unknown
00246fe8	FUN_00246fe8	72	unknown
00247030	FUN_00247030	64	unknown
00247070	FUN_00247070	72	unknown
002470b8	FUN_002470b8	1088	unknown
00247500	FUN_00247500	708	unknown
002477c8	FUN_002477c8	48	thunk
002477f8	FUN_002477f8	40	thunk
00247820	FUN_00247820	328	unknown
00247968	FUN_00247968	524	partial
00247b78	FUN_00247b78	28	thunk
00247b98	FUN_00247b98	28	thunk
00247bb8	FUN_00247bb8	28	thunk
00247bd8	FUN_00247bd8	5640	understood
00249210	FUN_00249210	632	unknown
00249488	FUN_00249488	132	unknown
00249510	FUN_00249510	76	unknown
00249560	FUN_00249560	644	unknown
002497e8	FUN_002497e8	188	unknown
002498a8	FUN_002498a8	412	unknown
00249a48	FUN_00249a48	260	partial
00249b50	FUN_00249b50	276	unknown
00249c68	FUN_00249c68	148	unknown
00249d00	FUN_00249d00	568	unknown
00249f38	FUN_00249f38	2852	unknown
0024aa68	FUN_0024aa68	208	unknown
0024ab38	FUN_0024ab38	568	unknown
0024ad78	FUN_0024ad78	172	unknown
0024ae28	FUN_0024ae28	3368	unknown
0024bb58	FUN_0024bb58	228	unknown
0024bc40	FUN_0024bc40	1620	partial
0024c298	FUN_0024c298	256	partial
0024c398	FUN_0024c398	276	unknown
0024c4b0	FUN_0024c4b0	300	unknown
0024c5e0	FUN_0024c5e0	124	unknown
0024c660	FUN_0024c660	1300	unknown
0024cb78	FUN_0024cb78	2000	partial
0024d348	FUN_0024d348	100	unknown
0024d3b0	FUN_0024d3b0	124	unknown
0024d430	FUN_0024d430	172	unknown
0024d4e0	FUN_0024d4e0	716	unknown
0024d7b8	FUN_0024d7b8	1512	unknown
0024dda0	FUN_0024dda0	268	unknown
0024deb0	FUN_0024deb0	192	partial
0024df70	FUN_0024df70	120	partial
0024dfe8	FUN_0024dfe8	68	partial
0024e030	FUN_0024e030	52	partial
0024e068	FUN_0024e068	180	understood
0024e120	FUN_0024e120	96	unknown
0024e180	FUN_0024e180	88	unknown
0024e1d8	FUN_0024e1d8	52	unknown
0024e210	FUN_0024e210	1708	understood
0024e8d0	FUN_0024e8d0	344	understood
0024ea30	FUN_0024ea30	204	understood
0024eb00	FUN_0024eb00	1524	understood
0024f0f8	FUN_0024f0f8	236	unknown
0024f1e8	FUN_0024f1e8	100	understood
0024f250	FUN_0024f250	1132	understood
0024f6c0	FUN_0024f6c0	712	unknown
0024f988	FUN_0024f988	580	unknown
0024fbd0	FUN_0024fbd0	632	unknown
0024fe48	FUN_0024fe48	84	unknown
0024fea0	FUN_0024fea0	80	partial
0024fef0	FUN_0024fef0	244	partial
0024ffe8	FUN_0024ffe8	40	unknown
00250010	FUN_00250010	124	understood
00250090	FUN_00250090	140	unknown
00250120	FUN_00250120	172	unknown
002501d0	FUN_002501d0	564	unknown
00250408	FUN_00250408	36	unknown
00250430	FUN_00250430	92	partial
00250490	FUN_00250490	104	unknown
002504f8	FUN_002504f8	44	unknown
00250528	FUN_00250528	104	unknown
00250590	FUN_00250590	380	partial
00250710	FUN_00250710	52	unknown
00250748	FUN_00250748	228	unknown
00250830	FUN_00250830	260	unknown
00250938	FUN_00250938	48	unknown
00250978	FUN_00250978	80	unknown
002509c8	FUN_002509c8	616	unknown
00250c38	FUN_00250c38	524	unknown
00250e48	FUN_00250e48	84	unknown
00250ea0	FUN_00250ea0	84	unknown
00250ef8	FUN_00250ef8	180	unknown
00250fb0	FUN_00250fb0	200	unknown
00251078	FUN_00251078	172	unknown
00251128	FUN_00251128	184	unknown
002511e0	FUN_002511e0	172	unknown
00251290	FUN_00251290	184	unknown
002513d0	FUN_002513d0	168	unknown
00251478	FUN_00251478	124	unknown
002514f8	FUN_002514f8	124	unknown
00251578	FUN_00251578	124	unknown
002515f8	FUN_002515f8	124	unknown
00251698	FUN_00251698	268	unknown
00251948	FUN_00251948	584	unknown
00251b90	FUN_00251b90	64	unknown
00251bd0	FUN_00251bd0	72	unknown
00251c18	FUN_00251c18	152	unknown
00251cb0	FUN_00251cb0	80	unknown
00251d00	FUN_00251d00	44	thunk
00251d30	FUN_00251d30	148	unknown
00251dc8	FUN_00251dc8	376	unknown
00251f40	FUN_00251f40	156	unknown
00251fe0	FUN_00251fe0	156	unknown
00252080	FUN_00252080	264	unknown
00252188	FUN_00252188	2104	unknown
002529c0	FUN_002529c0	616	unknown
00252c30	FUN_00252c30	1360	unknown
00253180	FUN_00253180	512	unknown
00253380	FUN_00253380	1844	unknown
00253ab8	FUN_00253ab8	1112	unknown
00253f10	FUN_00253f10	352	unknown
00254070	FUN_00254070	64	unknown
002540b0	FUN_002540b0	72	unknown
002540f8	FUN_002540f8	204	unknown
002541c8	FUN_002541c8	588	unknown
00254418	FUN_00254418	1080	unknown
00254858	FUN_00254858	56	unknown
00254890	FUN_00254890	148	unknown
00254928	FUN_00254928	560	unknown
00254b60	FUN_00254b60	140	partial
00254bf0	FUN_00254bf0	312	unknown
00254d28	FUN_00254d28	76	unknown
00254d78	FUN_00254d78	24	thunk
00254d90	FUN_00254d90	24	thunk
00254da8	FUN_00254da8	24	thunk
00254dc0	FUN_00254dc0	24	thunk
00254dd8	FUN_00254dd8	428	unknown
00254f88	FUN_00254f88	184	unknown
00255040	FUN_00255040	732	unknown
00255320	FUN_00255320	1232	unknown
002557f0	FUN_002557f0	260	unknown
002558f8	FUN_002558f8	240	unknown
002559e8	FUN_002559e8	100	unknown
00255a50	FUN_00255a50	936	unknown
00255e00	FUN_00255e00	156	unknown
00255ea0	FUN_00255ea0	180	unknown
00255f58	FUN_00255f58	492	partial
00256148	FUN_00256148	88	unknown
002561a0	FUN_002561a0	16	thunk
002561b0	FUN_002561b0	748	unknown
002564a0	FUN_002564a0	1248	partial
00256980	FUN_00256980	480	unknown
00256b68	FUN_00256b68	180	unknown
00256c20	FUN_00256c20	728	unknown
00256ef8	FUN_00256ef8	500	unknown
002570f0	FUN_002570f0	336	partial
00257240	FUN_00257240	1376	unknown
002577a0	FUN_002577a0	64	unknown
002577e0	FUN_002577e0	72	unknown
00257828	FUN_00257828	124	unknown
002578a8	FUN_002578a8	44	unknown
002578d8	FUN_002578d8	220	unknown
002579b8	FUN_002579b8	596	unknown
00257c10	FUN_00257c10	164	unknown
00257cb8	FUN_00257cb8	44	unknown
00257ce8	FUN_00257ce8	140	partial
00257d78	FUN_00257d78	120	unknown
00257df0	FUN_00257df0	228	unknown
00257ed8	FUN_00257ed8	8	thunk
00257ee0	FUN_00257ee0	372	unknown
00258058	FUN_00258058	856	unknown
002583b0	FUN_002583b0	3400	unknown
00259100	FUN_00259100	64	unknown
00259140	FUN_00259140	72	unknown
00259188	FUN_00259188	128	unknown
00259208	FUN_00259208	44	unknown
00259238	FUN_00259238	204	unknown
00259308	FUN_00259308	500	unknown
00259500	FUN_00259500	232	unknown
002595e8	FUN_002595e8	52	unknown
00259620	FUN_00259620	144	partial
002596b0	FUN_002596b0	120	unknown
00259728	FUN_00259728	228	unknown
00259810	FUN_00259810	8	thunk
00259818	FUN_00259818	356	unknown
00259980	FUN_00259980	192	unknown
00259a40	FUN_00259a40	400	unknown
00259bd0	FUN_00259bd0	48	unknown
00259c00	FUN_00259c00	1436	unknown
0025a1a0	FUN_0025a1a0	80	unknown
0025a1f0	FUN_0025a1f0	1096	partial
0025a638	FUN_0025a638	36	unknown
0025a660	FUN_0025a660	228	partial
0025a748	FUN_0025a748	164	unknown
0025a7f0	FUN_0025a7f0	164	unknown
0025a898	FUN_0025a898	224	unknown
0025a978	FUN_0025a978	132	unknown
0025aa00	FUN_0025aa00	188	unknown
0025aac0	FUN_0025aac0	60	unknown
0025ab00	FUN_0025ab00	12	thunk
0025ab10	FUN_0025ab10	100	unknown
0025ab78	FUN_0025ab78	64	unknown
0025abb8	FUN_0025abb8	72	unknown
0025ac00	FUN_0025ac00	24	thunk
0025ac18	FUN_0025ac18	76	partial
0025ac68	FUN_0025ac68	36	thunk
0025ac90	FUN_0025ac90	76	unknown
0025ace0	FUN_0025ace0	92	unknown
0025ad40	FUN_0025ad40	20	thunk
0025ad58	FUN_0025ad58	556	unknown
0025af88	FUN_0025af88	780	unknown
0025b298	FUN_0025b298	604	unknown
0025b4f8	FUN_0025b4f8	476	unknown
0025b6d8	FUN_0025b6d8	260	unknown
0025b7e0	FUN_0025b7e0	60	unknown
0025b820	FUN_0025b820	236	unknown
0025b910	FUN_0025b910	40	unknown
0025b938	FUN_0025b938	92	unknown
0025b998	FUN_0025b998	100	unknown
0025ba00	FUN_0025ba00	320	unknown
0025bb40	FUN_0025bb40	24	thunk
0025bb58	FUN_0025bb58	220	unknown
0025bc38	FUN_0025bc38	228	unknown
0025bd20	FUN_0025bd20	140	unknown
0025bdb0	FUN_0025bdb0	68	unknown
0025bdf8	FUN_0025bdf8	164	unknown
0025bea0	FUN_0025bea0	292	unknown
0025bfc8	FUN_0025bfc8	432	unknown
0025c178	FUN_0025c178	132	unknown
0025c200	FUN_0025c200	820	unknown
0025c538	FUN_0025c538	136	unknown
0025c5c0	FUN_0025c5c0	448	unknown
0025c780	FUN_0025c780	84	unknown
0025c7d8	FUN_0025c7d8	76	unknown
0025c828	FUN_0025c828	80	unknown
0025c878	FUN_0025c878	220	unknown
0025c958	FUN_0025c958	76	unknown
0025c9a8	FUN_0025c9a8	244	unknown
0025caa0	FUN_0025caa0	240	unknown
0025cb90	FUN_0025cb90	640	unknown
0025ce10	FUN_0025ce10	64	unknown
0025ce50	FUN_0025ce50	116	unknown
0025cec8	FUN_0025cec8	848	unknown
0025d218	FUN_0025d218	340	unknown
0025d370	FUN_0025d370	136	unknown
0025d3f8	FUN_0025d3f8	364	unknown
0025d568	FUN_0025d568	584	unknown
0025d7b8	FUN_0025d7b8	212	unknown
0025d890	FUN_0025d890	256	unknown
0025d990	FUN_0025d990	36	thunk
0025d9b8	FUN_0025d9b8	36	thunk
0025d9e0	FUN_0025d9e0	56	thunk
0025da18	FUN_0025da18	56	thunk
0025da50	FUN_0025da50	320	unknown
0025db98	FUN_0025db98	612	unknown
0025de00	FUN_0025de00	64	unknown
0025de40	FUN_0025de40	104	unknown
0025dea8	FUN_0025dea8	848	unknown
0025e1f8	FUN_0025e1f8	36	thunk
0025e220	FUN_0025e220	104	unknown
0025e290	FUN_0025e290	164	unknown
0025e338	FUN_0025e338	632	unknown
0025e5b0	FUN_0025e5b0	172	unknown
0025e660	FUN_0025e660	724	unknown
0025e938	FUN_0025e938	324	unknown
0025ea80	FUN_0025ea80	292	unknown
0025eba8	FUN_0025eba8	192	unknown
0025ec68	FUN_0025ec68	56	unknown
0025eca0	FUN_0025eca0	64	unknown
0025ece0	FUN_0025ece0	32	thunk
0025ed00	FUN_0025ed00	40	thunk
0025ed28	FUN_0025ed28	56	thunk
0025ed60	FUN_0025ed60	128	partial
0025ede0	FUN_0025ede0	348	unknown
0025ef40	FUN_0025ef40	44	thunk
0025ef70	FUN_0025ef70	8	thunk
0025ef78	FUN_0025ef78	452	unknown
0025f140	FUN_0025f140	184	unknown
0025f200	FUN_0025f200	132	unknown
0025f288	FUN_0025f288	1792	unknown
0025f988	FUN_0025f988	92	unknown
0025f9e8	FUN_0025f9e8	36	thunk
0025fa10	FUN_0025fa10	88	unknown
0025fa68	FUN_0025fa68	56	unknown
0025faa0	FUN_0025faa0	312	unknown
0025fbd8	FUN_0025fbd8	360	unknown
0025fd40	FUN_0025fd40	64	unknown
0025fd80	FUN_0025fd80	856	unknown
002600e0	FUN_002600e0	72	unknown
00260128	FUN_00260128	228	unknown
00260210	FUN_00260210	324	unknown
00260358	FUN_00260358	132	partial
002603e0	FUN_002603e0	64	unknown
00260420	FUN_00260420	72	unknown
00260468	FUN_00260468	184	unknown
00260520	FUN_00260520	452	unknown
002606e8	FUN_002606e8	320	unknown
00260828	FUN_00260828	792	unknown
00260b40	FUN_00260b40	172	unknown
00260bf0	FUN_00260bf0	152	unknown
00260c88	FUN_00260c88	188	unknown
00260d48	FUN_00260d48	204	partial
00260e18	FUN_00260e18	1136	unknown
00261290	FUN_00261290	460	unknown
00261468	FUN_00261468	128	unknown
002614e8	FUN_002614e8	3832	unknown
002623f0	FUN_002623f0	964	unknown
002627b8	FUN_002627b8	32	thunk
002627d8	FUN_002627d8	1796	unknown
00262ef0	FUN_00262ef0	564	unknown
00263128	FUN_00263128	3252	unknown
00263df0	FUN_00263df0	108	partial
00263e60	FUN_00263e60	216	partial
00263f38	FUN_00263f38	168	unknown
00263fe8	FUN_00263fe8	132	unknown
00264070	FUN_00264070	236	unknown
00264160	FUN_00264160	72	partial
002641a8	FUN_002641a8	80	unknown
002641f8	FUN_002641f8	208	unknown
002642c8	FUN_002642c8	136	partial
00264350	FUN_00264350	196	unknown
00264418	FUN_00264418	132	unknown
002644a0	FUN_002644a0	64	unknown
002644e0	FUN_002644e0	72	unknown
00264528	FUN_00264528	176	unknown
002645d8	FUN_002645d8	204	unknown
002646a8	FUN_002646a8	1728	unknown
00264d70	FUN_00264d70	200	unknown
00264e38	FUN_00264e38	632	unknown
002650b0	FUN_002650b0	168	unknown
00265158	FUN_00265158	1672	partial
002657e0	FUN_002657e0	972	unknown
00265bb0	FUN_00265bb0	128	unknown
00265c30	FUN_00265c30	380	unknown
00265db0	FUN_00265db0	340	unknown
00265f10	FUN_00265f10	64	unknown
00265f50	FUN_00265f50	72	unknown
00265f98	FUN_00265f98	488	unknown
00266180	FUN_00266180	212	unknown
00266258	FUN_00266258	240	unknown
00266348	FUN_00266348	212	unknown
00266420	FUN_00266420	240	unknown
00266510	FUN_00266510	488	unknown
002666f8	FUN_002666f8	212	unknown
002667d0	FUN_002667d0	488	unknown
002669b8	FUN_002669b8	212	unknown
00266a90	FUN_00266a90	136	partial
00266b18	FUN_00266b18	184	unknown
00266bd0	FUN_00266bd0	656	unknown
00266e60	FUN_00266e60	200	unknown
00266fc8	FUN_00266fc8	88	unknown
00267020	FUN_00267020	88	unknown
00267078	FUN_00267078	664	unknown
00267310	FUN_00267310	88	unknown
00267368	FUN_00267368	204	unknown
00267438	FUN_00267438	224	partial
00267518	FUN_00267518	56	unknown
00267550	FUN_00267550	36	partial
00267578	FUN_00267578	8	thunk
00267580	FUN_00267580	872	unknown
002678f0	FUN_002678f0	64	unknown
00267930	FUN_00267930	72	unknown
00267978	FUN_00267978	36	unknown
002679a0	FUN_002679a0	12	thunk
002679b0	FUN_002679b0	164	unknown
00267a58	FUN_00267a58	292	unknown
00267b80	FUN_00267b80	44	partial
00267bb0	FUN_00267bb0	220	unknown
00267c90	FUN_00267c90	48	unknown
00267cc0	FUN_00267cc0	132	unknown
00267d48	FUN_00267d48	228	unknown
00267e30	FUN_00267e30	964	unknown
00268200	FUN_00268200	20	thunk
00268218	FUN_00268218	304	unknown
00268348	FUN_00268348	76	unknown
00268398	FUN_00268398	760	unknown
00268690	FUN_00268690	164	unknown
00268738	FUN_00268738	616	unknown
002689c0	FUN_002689c0	336	unknown
00268b10	FUN_00268b10	80	unknown
00268b60	FUN_00268b60	1044	unknown
00268f88	FUN_00268f88	8	thunk
00268f90	FUN_00268f90	320	unknown
002690d0	FUN_002690d0	288	unknown
002691f0	FUN_002691f0	392	unknown
00269380	FUN_00269380	196	unknown
00269448	FUN_00269448	28	thunk
00269468	FUN_00269468	160	unknown
00269508	FUN_00269508	272	unknown
00269618	FUN_00269618	44	thunk
00269648	FUN_00269648	20	thunk
00269660	FUN_00269660	280	unknown
00269778	FUN_00269778	52	unknown
002697b0	FUN_002697b0	380	unknown
00269938	FUN_00269938	96	unknown
00269998	FUN_00269998	216	unknown
00269a70	FUN_00269a70	180	unknown
00269b28	FUN_00269b28	204	unknown
00269bf8	FUN_00269bf8	252	unknown
00269cf8	FUN_00269cf8	40	thunk
00269d20	FUN_00269d20	40	thunk
00269d48	FUN_00269d48	112	unknown
00269db8	FUN_00269db8	12	thunk
00269dc8	FUN_00269dc8	72	unknown
00269e10	FUN_00269e10	12	thunk
00269e20	FUN_00269e20	8	thunk
00269e28	FUN_00269e28	52	thunk
00269e60	FUN_00269e60	324	partial
00269fa8	FUN_00269fa8	64	unknown
00269fe8	FUN_00269fe8	72	unknown
0026a030	FUN_0026a030	32	thunk
0026a050	FUN_0026a050	12	thunk
0026a060	FUN_0026a060	72	unknown
0026a0a8	FUN_0026a0a8	12	thunk
0026a0b8	FUN_0026a0b8	8	thunk
0026a0c0	FUN_0026a0c0	52	thunk
0026a0f8	FUN_0026a0f8	360	partial
0026a260	FUN_0026a260	64	unknown
0026a2a0	FUN_0026a2a0	72	unknown
0026a2e8	FUN_0026a2e8	32	thunk
0026a308	FUN_0026a308	72	unknown
0026a350	FUN_0026a350	12	understood
0026a360	FUN_0026a360	8	thunk
0026a368	FUN_0026a368	52	understood
0026a3a0	FUN_0026a3a0	116	partial
0026a418	FUN_0026a418	64	unknown
0026a458	FUN_0026a458	72	unknown
0026a4a0	FUN_0026a4a0	32	thunk
0026a4c0	FUN_0026a4c0	452	unknown
0026a688	FUN_0026a688	12	thunk
0026a698	FUN_0026a698	72	unknown
0026a6e0	FUN_0026a6e0	12	understood
0026a6f0	FUN_0026a6f0	8	thunk
0026a6f8	FUN_0026a6f8	52	thunk
0026a730	FUN_0026a730	1748	partial
0026ae08	FUN_0026ae08	64	unknown
0026ae48	FUN_0026ae48	72	unknown
0026ae90	FUN_0026ae90	32	thunk
0026aeb0	FUN_0026aeb0	12	thunk
0026aec0	FUN_0026aec0	72	unknown
0026af08	FUN_0026af08	12	thunk
0026af18	FUN_0026af18	8	thunk
0026af20	FUN_0026af20	52	thunk
0026af58	FUN_0026af58	496	partial
0026b150	FUN_0026b150	64	unknown
0026b190	FUN_0026b190	72	unknown
0026b1d8	FUN_0026b1d8	32	thunk
0026b1f8	FUN_0026b1f8	28	thunk
0026b218	FUN_0026b218	12	thunk
0026b228	FUN_0026b228	72	unknown
0026b270	FUN_0026b270	12	thunk
0026b280	FUN_0026b280	8	thunk
0026b288	FUN_0026b288	72	unknown
0026b2d0	FUN_0026b2d0	260	unknown
0026b3d8	FUN_0026b3d8	64	unknown
0026b418	FUN_0026b418	72	unknown
0026b460	FUN_0026b460	32	thunk
0026b480	FUN_0026b480	28	thunk
0026b4a0	FUN_0026b4a0	12	thunk
0026b4b0	FUN_0026b4b0	72	unknown
0026b4f8	FUN_0026b4f8	12	thunk
0026b508	FUN_0026b508	8	thunk
0026b510	FUN_0026b510	72	unknown
0026b558	FUN_0026b558	260	unknown
0026b660	FUN_0026b660	64	unknown
0026b6a0	FUN_0026b6a0	72	unknown
0026b6e8	FUN_0026b6e8	32	thunk
0026b708	FUN_0026b708	28	thunk
0026b728	FUN_0026b728	12	thunk
0026b738	FUN_0026b738	72	unknown
0026b780	FUN_0026b780	12	thunk
0026b790	FUN_0026b790	8	thunk
0026b798	FUN_0026b798	72	unknown
0026b7e0	FUN_0026b7e0	260	unknown
0026b8e8	FUN_0026b8e8	64	unknown
0026b928	FUN_0026b928	72	unknown
0026b970	FUN_0026b970	32	thunk
0026b990	FUN_0026b990	12	thunk
0026b9a0	FUN_0026b9a0	72	unknown
0026b9e8	FUN_0026b9e8	12	thunk
0026b9f8	FUN_0026b9f8	8	thunk
0026ba00	FUN_0026ba00	52	thunk
0026ba40	FUN_0026ba40	64	unknown
0026ba80	FUN_0026ba80	72	unknown
0026bac8	FUN_0026bac8	32	thunk
0026bae8	FUN_0026bae8	60	thunk
0026bb28	FUN_0026bb28	84	unknown
0026bb80	FUN_0026bb80	188	unknown
0026bc40	FUN_0026bc40	28	thunk
0026bc60	FUN_0026bc60	40	thunk
0026bc88	FUN_0026bc88	132	unknown
0026bd10	FUN_0026bd10	136	unknown
0026bd98	FUN_0026bd98	204	unknown
0026be68	FUN_0026be68	868	unknown
0026c1d0	FUN_0026c1d0	332	unknown
0026c320	FUN_0026c320	148	unknown
0026c3b8	FUN_0026c3b8	124	unknown
0026c438	FUN_0026c438	36	thunk
0026c460	FUN_0026c460	280	unknown
0026c578	FUN_0026c578	284	unknown
0026c698	FUN_0026c698	152	unknown
0026c730	FUN_0026c730	184	unknown
0026c7e8	FUN_0026c7e8	12	thunk
0026c7f8	FUN_0026c7f8	36	thunk
0026c820	FUN_0026c820	120	unknown
0026c898	FUN_0026c898	92	unknown
0026c8f8	FUN_0026c8f8	20	thunk
0026c910	FUN_0026c910	76	unknown
0026c960	FUN_0026c960	12	thunk
0026c970	FUN_0026c970	20	thunk
0026c988	FUN_0026c988	12	thunk
0026c998	FUN_0026c998	72	unknown
0026c9e0	FUN_0026c9e0	12	thunk
0026c9f0	FUN_0026c9f0	8	thunk
0026c9f8	FUN_0026c9f8	52	thunk
0026ca30	FUN_0026ca30	136	partial
0026cab8	FUN_0026cab8	64	unknown
0026caf8	FUN_0026caf8	72	unknown
0026cb40	FUN_0026cb40	32	thunk
0026cb60	FUN_0026cb60	112	unknown
0026cbd0	FUN_0026cbd0	32	thunk
0026cbf0	FUN_0026cbf0	392	partial
0026cd78	FUN_0026cd78	944	unknown
0026d128	FUN_0026d128	268	unknown
0026d238	FUN_0026d238	832	unknown
0026d580	FUN_0026d580	308	unknown
0026d6b8	FUN_0026d6b8	12	thunk
0026d6c8	FUN_0026d6c8	24	thunk
0026d6e0	FUN_0026d6e0	60	unknown
0026d720	FUN_0026d720	168	unknown
0026d7d0	FUN_0026d7d0	360	unknown
0026d938	FUN_0026d938	272	unknown
0026da50	FUN_0026da50	300	unknown
0026db80	FUN_0026db80	212	unknown
0026dc58	FUN_0026dc58	216	unknown
0026dd38	FUN_0026dd38	216	unknown
0026de18	FUN_0026de18	256	unknown
0026df20	FUN_0026df20	256	unknown
0026e028	FUN_0026e028	412	unknown
0026e1c8	FUN_0026e1c8	1028	partial
0026e5d0	FUN_0026e5d0	48	unknown
0026e600	FUN_0026e600	972	unknown
0026e9d0	FUN_0026e9d0	40	thunk
0026e9f8	FUN_0026e9f8	1112	unknown
0026ee60	FUN_0026ee60	72	unknown
0026eea8	FUN_0026eea8	124	unknown
0026ef28	FUN_0026ef28	40	thunk
0026ef50	FUN_0026ef50	72	unknown
0026ef98	FUN_0026ef98	96	unknown
0026eff8	FUN_0026eff8	68	unknown
0026f040	FUN_0026f040	2656	unknown
0026fab8	FUN_0026fab8	24	unknown
0026fad0	FUN_0026fad0	136	unknown
0026fb58	FUN_0026fb58	3216	unknown
002707f8	FUN_002707f8	48	partial
00270828	FUN_00270828	32	thunk
00270848	FUN_00270848	40	unknown
00270870	FUN_00270870	96	unknown
002708d0	FUN_002708d0	152	unknown
00270968	FUN_00270968	72	unknown
002709b0	FUN_002709b0	12	thunk
002709c0	FUN_002709c0	8	thunk
002709c8	FUN_002709c8	52	thunk
00270a08	FUN_00270a08	64	unknown
00270a48	FUN_00270a48	72	unknown
00270a90	FUN_00270a90	32	thunk
00270ab0	FUN_00270ab0	12	thunk
00270ac0	FUN_00270ac0	72	unknown
00270b08	FUN_00270b08	12	thunk
00270b18	FUN_00270b18	8	thunk
00270b20	FUN_00270b20	52	thunk
00270b60	FUN_00270b60	64	unknown
00270ba0	FUN_00270ba0	72	unknown
00270be8	FUN_00270be8	32	thunk
00270c08	FUN_00270c08	412	unknown
00270da8	FUN_00270da8	36	thunk
00270dd0	FUN_00270dd0	64	unknown
00270e10	FUN_00270e10	64	unknown
00270e50	FUN_00270e50	96	unknown
00270eb8	FUN_00270eb8	64	unknown
00270ef8	FUN_00270ef8	80	unknown
00270f48	FUN_00270f48	504	unknown
00271148	FUN_00271148	372	unknown
002712c0	FUN_002712c0	304	unknown
002713f8	FUN_002713f8	112	unknown
00271468	FUN_00271468	152	unknown
00271508	FUN_00271508	128	unknown
00271588	FUN_00271588	344	unknown
002716e0	FUN_002716e0	284	unknown
00271800	FUN_00271800	684	unknown
00271ab0	FUN_00271ab0	16	thunk
00271ac0	FUN_00271ac0	8	thunk
00271ac8	FUN_00271ac8	56	unknown
00271b00	FUN_00271b00	264	unknown
00271c08	FUN_00271c08	340	unknown
00271d60	FUN_00271d60	936	unknown
00272110	Bank_Create	144	understood
002721a0	Bank_AddChild	152	understood
00272238	FUN_00272238	204	unknown
00272308	FUN_00272308	92	unknown
00272368	FUN_00272368	148	unknown
00272400	FUN_00272400	48	unknown
00272430	FUN_00272430	764	partial
00272730	FUN_00272730	1012	partial
00272b28	FUN_00272b28	716	partial
00272df8	FUN_00272df8	92	unknown
00272e58	FUN_00272e58	228	unknown
00272f40	FUN_00272f40	152	unknown
00272fd8	Mgr_AddChildSorted	336	understood
00273130	FUN_00273130	92	unknown
00273190	Mgr_RemoveChild	252	partial
00273290	Mgr_Create	144	understood
00273320	FUN_00273320	240	unknown
00273410	FUN_00273410	328	unknown
00273560	FUN_00273560	272	unknown
00273670	FUN_00273670	72	unknown
002736b8	FUN_002736b8	392	unknown
00273840	FUN_00273840	584	partial
00273a90	FUN_00273a90	392	unknown
00273c18	FUN_00273c18	432	unknown
00273dd0	FUN_00273dd0	12	thunk
00273de0	FUN_00273de0	12	thunk
00273df0	FUN_00273df0	12	thunk
00273e00	FUN_00273e00	12	thunk
00273e10	FUN_00273e10	12	thunk
00273e20	FUN_00273e20	12	thunk
00273e30	FUN_00273e30	12	thunk
00273e40	FUN_00273e40	12	thunk
00273e50	FUN_00273e50	12	thunk
00273e60	FUN_00273e60	12	thunk
00273e70	FUN_00273e70	404	unknown
00274008	FUN_00274008	512	unknown
00274210	FUN_00274210	92	unknown
00274270	FUN_00274270	240	unknown
00274368	FUN_00274368	288	unknown
00274490	FUN_00274490	448	unknown
00274650	FUN_00274650	484	unknown
00274838	FUN_00274838	116	unknown
002748b0	FUN_002748b0	244	unknown
002749a8	FUN_002749a8	92	unknown
00274a08	FUN_00274a08	256	unknown
00274b08	FUN_00274b08	484	unknown
00274cf0	FUN_00274cf0	92	unknown
00274d50	FUN_00274d50	252	unknown
00274e50	FUN_00274e50	668	partial
002750f0	FUN_002750f0	480	unknown
002752d8	FUN_002752d8	32	thunk
002752f8	FUN_002752f8	416	unknown
002754a0	FUN_002754a0	204	unknown
00275570	FUN_00275570	240	unknown
00275660	FUN_00275660	352	unknown
002757c8	FUN_002757c8	116	unknown
00275840	FUN_00275840	256	unknown
00275940	FUN_00275940	212	unknown
00275a18	FUN_00275a18	300	unknown
00275b48	FUN_00275b48	416	unknown
00275ce8	FUN_00275ce8	404	unknown
00275e80	FUN_00275e80	404	unknown
00276020	FUN_00276020	628	unknown
00276298	FUN_00276298	628	unknown
00276510	FUN_00276510	628	unknown
00276788	FUN_00276788	628	unknown
00276a00	FUN_00276a00	628	unknown
00276c78	FUN_00276c78	156	unknown
00276d18	FUN_00276d18	144	unknown
00276da8	FUN_00276da8	104	unknown
00276e18	FUN_00276e18	392	unknown
00276fa8	FUN_00276fa8	144	unknown
00277038	FUN_00277038	192	unknown
002770f8	FUN_002770f8	32	thunk
00277118	Server_RegisterSelf	32	understood
00277138	FUN_00277138	196	unknown
00277200	Mgr_UpdateChildren	160	understood
002772a0	FUN_002772a0	684	partial
00277550	FUN_00277550	144	unknown
002775e0	FUN_002775e0	384	unknown
00277768	FUN_00277768	8	thunk
00277770	FUN_00277770	144	unknown
00277800	FUN_00277800	32	thunk
00277820	FUN_00277820	20	thunk
00277838	FUN_00277838	52	thunk
00277870	FUN_00277870	52	unknown
002778a8	FUN_002778a8	20	thunk
002778c0	FUN_002778c0	104	partial
00277928	FUN_00277928	16	thunk
00277938	FUN_00277938	16	thunk
00277948	FUN_00277948	52	unknown
00277980	FUN_00277980	84	unknown
002779d8	FUN_002779d8	16	thunk
002779e8	FUN_002779e8	36	partial
00277a10	FUN_00277a10	40	thunk
00277a38	FUN_00277a38	72	partial
00277a80	FUN_00277a80	52	thunk
00277ab8	FUN_00277ab8	8	thunk
00277ac0	FUN_00277ac0	16	thunk
00277ad0	FUN_00277ad0	16	thunk
00277ae0	FUN_00277ae0	8	thunk
00277ae8	FUN_00277ae8	16	thunk
00277af8	FUN_00277af8	20	thunk
00277b10	FUN_00277b10	52	thunk
00277b48	FUN_00277b48	52	thunk
00277b80	FUN_00277b80	52	thunk
00277bb8	FUN_00277bb8	52	thunk
00277bf0	FUN_00277bf0	52	thunk
00277c28	FUN_00277c28	128	unknown
00277ca8	FUN_00277ca8	16	thunk
00277cb8	FUN_00277cb8	100	partial
00277d20	FUN_00277d20	100	partial
00277d88	FUN_00277d88	8	thunk
00277d90	FUN_00277d90	16	thunk
00277da0	FUN_00277da0	92	partial
00277e00	FUN_00277e00	52	thunk
00277e38	FUN_00277e38	52	thunk
00277e70	FUN_00277e70	52	thunk
00277ea8	FUN_00277ea8	52	thunk
00277ee0	FUN_00277ee0	52	thunk
00277f18	FUN_00277f18	52	thunk
00277f50	FUN_00277f50	52	thunk
00277f88	FUN_00277f88	52	thunk
00277fc0	FUN_00277fc0	52	thunk
00277ff8	FUN_00277ff8	52	thunk
00278030	FUN_00278030	84	unknown
00278088	FUN_00278088	52	thunk
002780c0	FUN_002780c0	52	thunk
002780f8	FUN_002780f8	8	thunk
00278100	FUN_00278100	9948	partial
0027a7e0	FUN_0027a7e0	40	thunk
0027a808	FUN_0027a808	40	thunk
0027a830	FUN_0027a830	40	thunk
0027a858	FUN_0027a858	40	thunk
0027a880	FUN_0027a880	28	thunk
0027a8a0	FUN_0027a8a0	40	thunk
0027a8c8	FUN_0027a8c8	128	unknown
0027a948	FUN_0027a948	128	unknown
0027a9c8	FUN_0027a9c8	128	unknown
0027aa48	FUN_0027aa48	128	unknown
0027aac8	FUN_0027aac8	128	unknown
0027ab48	FUN_0027ab48	128	unknown
0027abc8	FUN_0027abc8	128	unknown
0027ac48	FUN_0027ac48	28	thunk
0027ac68	FUN_0027ac68	28	thunk
0027ac88	FUN_0027ac88	40	thunk
0027acb0	FUN_0027acb0	40	thunk
0027acd8	FUN_0027acd8	40	thunk
0027ad00	FUN_0027ad00	40	thunk
0027ad28	FUN_0027ad28	40	thunk
0027ad50	FUN_0027ad50	28	thunk
0027ad70	FUN_0027ad70	40	thunk
0027ad98	FUN_0027ad98	40	thunk
0027adc0	FUN_0027adc0	40	thunk
0027ade8	FUN_0027ade8	40	thunk
0027ae10	FUN_0027ae10	40	thunk
0027ae38	FUN_0027ae38	40	thunk
0027ae60	FUN_0027ae60	40	thunk
0027ae88	FUN_0027ae88	40	thunk
0027aeb0	FUN_0027aeb0	40	thunk
0027aed8	FUN_0027aed8	40	thunk
0027af00	FUN_0027af00	40	thunk
0027af28	FUN_0027af28	40	thunk
0027af50	FUN_0027af50	84	unknown
0027afa8	FUN_0027afa8	40	thunk
0027afd0	FUN_0027afd0	40	thunk
0027aff8	FUN_0027aff8	40	thunk
0027b020	FUN_0027b020	40	thunk
0027b048	FUN_0027b048	40	thunk
0027b070	FUN_0027b070	40	thunk
0027b098	FUN_0027b098	40	thunk
0027b0c0	FUN_0027b0c0	40	thunk
0027b0e8	FUN_0027b0e8	40	thunk
0027b110	FUN_0027b110	40	thunk
0027b138	FUN_0027b138	48	unknown
0027b168	FUN_0027b168	48	unknown
0027b198	FUN_0027b198	48	unknown
0027b1c8	FUN_0027b1c8	48	unknown
0027b1f8	FUN_0027b1f8	48	unknown
0027b228	FUN_0027b228	72	unknown
0027b270	FUN_0027b270	28	thunk
0027b290	FUN_0027b290	28	thunk
0027b2b0	FUN_0027b2b0	28	thunk
0027b2d0	FUN_0027b2d0	28	thunk
0027b2f0	FUN_0027b2f0	28	thunk
0027b310	FUN_0027b310	28	thunk
0027b330	FUN_0027b330	28	thunk
0027b350	FUN_0027b350	28	thunk
0027b370	FUN_0027b370	28	thunk
0027b390	FUN_0027b390	28	thunk
0027b3b0	FUN_0027b3b0	28	thunk
0027b3d0	FUN_0027b3d0	28	thunk
0027b3f0	FUN_0027b3f0	28	thunk
0027b410	FUN_0027b410	28	thunk
0027b430	FUN_0027b430	28	thunk
0027b450	FUN_0027b450	72	unknown
0027b498	FUN_0027b498	72	unknown
0027b4e0	FUN_0027b4e0	84	unknown
0027b538	FUN_0027b538	92	unknown
0027b598	FUN_0027b598	84	unknown
0027b5f0	FUN_0027b5f0	84	unknown
0027b648	FUN_0027b648	84	unknown
0027b6a0	FUN_0027b6a0	140	unknown
0027b730	FUN_0027b730	140	unknown
0027b7c0	FUN_0027b7c0	140	unknown
0027b850	FUN_0027b850	84	unknown
0027b8a8	FUN_0027b8a8	48	unknown
0027b8d8	FUN_0027b8d8	48	unknown
0027b908	FUN_0027b908	48	unknown
0027b938	FUN_0027b938	8	thunk
0027b940	FUN_0027b940	8	thunk
0027b948	Obj_DeleteIfInChrg	36	understood
0027b970	FUN_0027b970	48	partial
0027b9a0	RecordData_Passthrough	8	understood
0027b9a8	BaseObject_dtor	40	thunk
0027b9d0	FUN_0027b9d0	8	thunk
0027b9d8	FUN_0027b9d8	8	thunk
0027b9e0	FUN_0027b9e0	8	thunk
0027b9e8	FUN_0027b9e8	8	thunk
0027b9f0	FUN_0027b9f0	8	thunk
0027b9f8	FUN_0027b9f8	8	thunk
0027ba00	FUN_0027ba00	16	thunk
0027ba10	FUN_0027ba10	128	partial
0027ba98	FUN_0027ba98	40	thunk
0027bac0	Root_InitChild	44	understood
0027baf0	FUN_0027baf0	28	thunk
0027bb10	Root_CreateFromRecord	96	understood
0027bb70	FUN_0027bb70	112	unknown
0027bbe0	FUN_0027bbe0	108	unknown
0027bd90	FUN_0027bd90	12	thunk
0027bda0	FUN_0027bda0	12	thunk
0027bdb0	FUN_0027bdb0	116	partial
0027be28	FUN_0027be28	44	thunk
0027be58	FUN_0027be58	8	thunk
0027be60	FUN_0027be60	32	thunk
0027be80	FUN_0027be80	112	unknown
0027bef0	PooledServer_Create	124	partial
0027bf70	FUN_0027bf70	76	unknown
0027bfc0	FUN_0027bfc0	76	unknown
0027c010	FUN_0027c010	76	unknown
0027c060	FUN_0027c060	76	unknown
0027c0b0	PooledServer_CreateFromRecord	144	understood
0027c140	PooledServer_GroupEnd	144	partial
0027c1d0	FUN_0027c1d0	8	thunk
0027c1d8	FUN_0027c1d8	16	thunk
0027c1e8	FUN_0027c1e8	16	thunk
0027c1f8	FUN_0027c1f8	48	unknown
0027c228	Obj_AppendToChildList	176	partial
0027c2d8	FUN_0027c2d8	8	thunk
0027c2e0	FUN_0027c2e0	28	thunk
0027c300	FUN_0027c300	20	thunk
0027c318	FUN_0027c318	16	thunk
0027c328	FUN_0027c328	156	unknown
0027c3f0	FUN_0027c3f0	8	thunk
0027c408	FUN_0027c408	124	unknown
0027c488	FUN_0027c488	12	thunk
0027c498	FUN_0027c498	8	thunk
0027c4a0	FUN_0027c4a0	8	thunk
0027c4b0	FUN_0027c4b0	132	unknown
0027c558	FUN_0027c558	8	thunk
0027c560	FUN_0027c560	8	thunk
0027c588	FUN_0027c588	8	thunk
0027c590	FUN_0027c590	8	thunk
0027c598	FUN_0027c598	8	thunk
0027c5a0	FUN_0027c5a0	8	thunk
0027c5a8	FUN_0027c5a8	20	thunk
0027c5c0	FUN_0027c5c0	16	thunk
0027c5d0	FUN_0027c5d0	8	thunk
0027c5d8	FUN_0027c5d8	8	thunk
0027c5e0	FUN_0027c5e0	8	thunk
0027c5e8	FUN_0027c5e8	8	thunk
0027c5f0	FUN_0027c5f0	92	partial
0027c650	FUN_0027c650	72	unknown
0027c698	FUN_0027c698	60	unknown
0027c6d8	FUN_0027c6d8	40	unknown
0027c700	FUN_0027c700	24	thunk
0027c718	FUN_0027c718	84	partial
0027c770	FUN_0027c770	12	thunk
0027c780	FUN_0027c780	144	unknown
0027c820	GOBank_NewDescriptor	188	partial
0027c8e0	FUN_0027c8e0	144	unknown
0027c970	FUN_0027c970	52	unknown
0027c9a8	GOBank_NewObject	56	understood
0027c9e0	FUN_0027c9e0	40	thunk
0027ca28	GOServer_NewDefaultBank	284	understood
0027cb48	GOServer_PushContext	180	understood
0027cc00	GOServer_PopContext	200	understood
0027ccd0	FUN_0027ccd0	16	thunk
0027cce0	FUN_0027cce0	140	partial
0027cd70	FUN_0027cd70	80	partial
0027cdc0	FUN_0027cdc0	16	thunk
0027cdd0	FUN_0027cdd0	16	thunk
0027ce08	FUN_0027ce08	8	thunk
0027ce10	WadServer_GetCurrent	36	understood
0027ce38	FUN_0027ce38	904	partial
0027d1c8	FUN_0027d1c8	436	unknown
0027d380	FUN_0027d380	408	partial
0027d520	FUN_0027d520	76	unknown
0027d570	WadServer_NewDefaultBank	320	partial
0027d6b0	WadServer_Push	216	partial
0027d788	WadServer_Pop	216	partial
0027d868	FUN_0027d868	16	thunk
0027d878	FUN_0027d878	96	partial
0027d8d8	FUN_0027d8d8	16	thunk
0027d8f0	FUN_0027d8f0	96	partial
0027d950	FUN_0027d950	12	thunk
0027d960	FUN_0027d960	120	unknown
0027d9d8	FUN_0027d9d8	156	partial
0027da78	FUN_0027da78	88	unknown
0027dad0	FUN_0027dad0	68	unknown
0027db30	FUN_0027db30	40	thunk
0027db58	FUN_0027db58	320	partial
0027dca8	FUN_0027dca8	44	thunk
0027dcd8	FUN_0027dcd8	8	thunk
0027dce0	FUN_0027dce0	100	partial
0027dd48	FUN_0027dd48	8	thunk
0027dd50	FUN_0027dd50	12	thunk
0027dd60	FUN_0027dd60	16	thunk
0027dd78	FUN_0027dd78	8	thunk
0027dd80	FUN_0027dd80	8	thunk
0027dd98	FUN_0027dd98	100	unknown
0027de00	FUN_0027de00	8	thunk
0027de08	FUN_0027de08	72	partial
0027de50	FUN_0027de50	268	unknown
0027df60	FUN_0027df60	8	thunk
0027df68	FUN_0027df68	128	unknown
0027dfe8	FUN_0027dfe8	128	unknown
0027e068	FUN_0027e068	8	thunk
0027e070	FUN_0027e070	128	unknown
0027e0f0	FUN_0027e0f0	8	thunk
0027e0f8	FUN_0027e0f8	128	unknown
0027e178	FUN_0027e178	128	unknown
0027e1f8	FUN_0027e1f8	8	thunk
0027e200	FUN_0027e200	8	thunk
0027e208	FUN_0027e208	128	unknown
0027e288	FUN_0027e288	8	thunk
0027e290	FUN_0027e290	8	thunk
0027e298	FUN_0027e298	8	thunk
0027e2a0	FUN_0027e2a0	128	unknown
0027e320	FUN_0027e320	8	thunk
0027e328	FUN_0027e328	8	thunk
0027e330	FUN_0027e330	400	unknown
0027e4c0	FUN_0027e4c0	72	unknown
0027e508	FUN_0027e508	100	unknown
0027e710	FUN_0027e710	128	unknown
0027e798	FUN_0027e798	404	unknown
0027e930	FUN_0027e930	172	unknown
0027e9e0	FUN_0027e9e0	8	thunk
0027e9e8	FUN_0027e9e8	40	unknown
0027ea10	FUN_0027ea10	8	thunk
0027ea38	FUN_0027ea38	8	thunk
0027ea40	FUN_0027ea40	100	partial
0027eaa8	FUN_0027eaa8	92	partial
0027eb08	FUN_0027eb08	144	unknown
0027eb98	FUN_0027eb98	44	partial
0027ebc8	FUN_0027ebc8	300	partial
0027ecf8	FUN_0027ecf8	52	unknown
0027ed30	FUN_0027ed30	40	thunk
0027ed70	FUN_0027ed70	8	thunk
0027ed78	FUN_0027ed78	8	thunk
0027ed80	FUN_0027ed80	32	thunk
0027eda0	FUN_0027eda0	100	partial
0027ee08	FUN_0027ee08	228	partial
0027eef0	FUN_0027eef0	100	partial
0027ef58	FUN_0027ef58	36	thunk
0027ef80	FUN_0027ef80	76	thunk
0027efd0	FUN_0027efd0	676	unknown
0027f278	TextureServer_Update	80	partial
0027f2c8	FUN_0027f2c8	8	thunk
0027f2d0	FUN_0027f2d0	12	thunk
0027f2e0	FUN_0027f2e0	8	thunk
0027f2f0	FUN_0027f2f0	8	thunk
0027f300	FUN_0027f300	8	thunk
0027f308	FUN_0027f308	156	partial
0027f3b0	FUN_0027f3b0	56	partial
0027f3e8	FUN_0027f3e8	52	unknown
0027f420	FUN_0027f420	320	partial
0027f560	FUN_0027f560	8	thunk
0027f568	FUN_0027f568	16	thunk
0027f578	FUN_0027f578	8	thunk
0027f580	FUN_0027f580	188	unknown
0027f640	FUN_0027f640	8	thunk
0027f648	FUN_0027f648	48	unknown
0027f678	FUN_0027f678	8	thunk
0027f680	FUN_0027f680	8	thunk
0027f688	FUN_0027f688	8	thunk
0027f690	FUN_0027f690	8	thunk
0027f698	FUN_0027f698	8	thunk
0027f6a0	FUN_0027f6a0	8	thunk
0027f6a8	FUN_0027f6a8	8	thunk
0027f6b0	FUN_0027f6b0	8	thunk
0027f6d0	FUN_0027f6d0	8	thunk
0027f6d8	FUN_0027f6d8	8	thunk
0027f6e0	FUN_0027f6e0	8	thunk
0027f6e8	FUN_0027f6e8	156	partial
0027f788	FUN_0027f788	8	thunk
0027f820	FUN_0027f820	8	thunk
0027f828	FUN_0027f828	152	unknown
0027f8c8	FUN_0027f8c8	40	thunk
0027f8f8	Mgr_UpdateChild	40	understood
0027f920	Mgr_InitChild	44	understood
0027f950	FUN_0027f950	92	unknown
0027f9b0	FUN_0027f9b0	28	thunk
0027f9d0	Mgr_RemoveChildOnUpdate	32	understood
0027f9f0	Mgr_CreateFromRecord	96	understood
0027fa50	FUN_0027fa50	96	unknown
0027fab0	FUN_0027fab0	96	unknown
0027fb10	FUN_0027fb10	52	unknown
0027fb48	FUN_0027fb48	156	partial
0027fbe8	FUN_0027fbe8	100	partial
0027fc50	FUN_0027fc50	8	thunk
0027fc58	FUN_0027fc58	8	thunk
0027fc60	FUN_0027fc60	40	thunk
0027fc88	FUN_0027fc88	40	thunk
0027fcb0	FUN_0027fcb0	64	thunk
0027fcf0	FUN_0027fcf0	80	unknown
0027fd40	FUN_0027fd40	64	thunk
0027fd80	FUN_0027fd80	8	thunk
0027fd88	FUN_0027fd88	44	unknown
0027fdc0	FUN_0027fdc0	84	unknown
0027fe70	FUN_0027fe70	64	unknown
0027fec0	FUN_0027fec0	40	thunk
0027fef0	FUN_0027fef0	40	thunk
0027ff20	FUN_0027ff20	180	partial
0027ffd8	FUN_0027ffd8	8	thunk
0027ffe0	FUN_0027ffe0	72	unknown
00280030	FUN_00280030	64	unknown
00280070	FUN_00280070	68	unknown
002800b8	FUN_002800b8	336	partial
00280208	FUN_00280208	52	unknown
00280248	FUN_00280248	320	partial
00280388	FUN_00280388	88	unknown
002803e0	FUN_002803e0	80	unknown
00280438	FUN_00280438	408	partial
002805d8	FUN_002805d8	8	thunk
002805e0	FUN_002805e0	92	partial
00280648	FUN_00280648	36	unknown
00280680	FUN_00280680	8	thunk
00280688	FUN_00280688	112	unknown
002806f8	FUN_002806f8	264	unknown
00280800	FUN_00280800	284	unknown
00280930	FUN_00280930	376	partial
00280aa8	FUN_00280aa8	52	unknown
00280ae0	FUN_00280ae0	320	partial
00280c20	FUN_00280c20	28	thunk
00280c40	FUN_00280c40	124	unknown
00280cc0	FUN_00280cc0	40	thunk
00280d28	FUN_00280d28	236	partial
00280ef0	FUN_00280ef0	20	thunk
00280f08	FUN_00280f08	64	unknown
00281038	FUN_00281038	16	thunk
00281048	FUN_00281048	84	unknown
002810a0	FUN_002810a0	8	thunk
002810a8	FUN_002810a8	8	thunk
002810b0	FUN_002810b0	8	thunk
002810b8	FUN_002810b8	8	thunk
002810c0	FUN_002810c0	40	thunk
002810e8	FUN_002810e8	8	thunk
002810f0	FUN_002810f0	80	unknown
00281140	FUN_00281140	48	unknown
00281188	FUN_00281188	16	thunk
00281198	FUN_00281198	16	thunk
002811a8	FUN_002811a8	16	thunk
002811b8	FUN_002811b8	48	unknown
002811e8	FUN_002811e8	72	unknown
00281230	FUN_00281230	72	unknown
00281278	FUN_00281278	88	unknown
002812e0	FUN_002812e0	8	thunk
002812e8	FUN_002812e8	8	thunk
002812f0	FUN_002812f0	72	unknown
00281348	FUN_00281348	72	partial
00281390	FUN_00281390	8	thunk
00281398	FUN_00281398	8	thunk
002813a0	FUN_002813a0	8	thunk
002813a8	FUN_002813a8	12	thunk
002813b8	FUN_002813b8	256	unknown
002814b8	FUN_002814b8	8	thunk
002814c0	FUN_002814c0	12	thunk
002814d0	FUN_002814d0	52	thunk
00281508	FUN_00281508	52	thunk
00281540	FUN_00281540	52	thunk
00281578	FUN_00281578	52	thunk
002815b0	FUN_002815b0	52	thunk
002815e8	FUN_002815e8	52	thunk
00281620	FUN_00281620	52	thunk
00281658	FUN_00281658	52	thunk
00281690	FUN_00281690	52	thunk
002816c8	FUN_002816c8	52	thunk
00281700	FUN_00281700	116	unknown
00281778	FUN_00281778	16	thunk
00281788	FUN_00281788	180	partial
00281840	FUN_00281840	32	thunk
00281860	FUN_00281860	56	unknown
002818a0	FUN_002818a0	92	partial
00281900	FUN_00281900	180	partial
002819b8	FUN_002819b8	676	unknown
00281c60	FUN_00281c60	52	thunk
00281c98	FUN_00281c98	52	thunk
00281cd0	FUN_00281cd0	76	partial
00281d20	FUN_00281d20	296	partial
00281e48	FUN_00281e48	120	unknown
00281ec0	FUN_00281ec0	1976	unknown
00282680	FUN_00282680	52	thunk
002826b8	FUN_002826b8	72	unknown
00282700	FUN_00282700	36	unknown
00282728	FUN_00282728	28	thunk
00282748	FUN_00282748	36	unknown
00282770	FUN_00282770	36	unknown
002827a8	FUN_002827a8	360	partial
00282910	FUN_00282910	320	partial
00282a58	FUN_00282a58	56	partial
00282a90	FUN_00282a90	52	unknown
00282ac8	FUN_00282ac8	80	unknown
00282b18	FUN_00282b18	320	partial
00282c58	FUN_00282c58	16	thunk
00282c68	FUN_00282c68	324	partial
00282db0	FUN_00282db0	52	unknown
00282de8	TextureServer_NewDefaultBank	320	understood
00282f28	FUN_00282f28	180	partial
00282fe8	FUN_00282fe8	56	unknown
00283020	FUN_00283020	28	thunk
00283050	FUN_00283050	324	partial
00283198	FUN_00283198	52	unknown
002831d0	FUN_002831d0	180	partial
00283298	FUN_00283298	128	partial
00283318	FUN_00283318	8	thunk
00283320	FUN_00283320	220	unknown
00283400	FUN_00283400	16	thunk
00283410	FUN_00283410	212	understood
002834e8	FUN_002834e8	36	unknown
00283510	FUN_00283510	676	understood
002837b8	FUN_002837b8	56	thunk
002837f0	FUN_002837f0	16	thunk
00283800	FUN_00283800	8	thunk
00283808	FUN_00283808	40	thunk
00283838	FUN_00283838	68	unknown
00283880	FUN_00283880	36	unknown
002838a8	FUN_002838a8	84	partial
00283900	FUN_00283900	52	unknown
00283938	FUN_00283938	296	partial
00283a60	FUN_00283a60	296	partial
00283b88	FUN_00283b88	136	unknown
00283c10	FUN_00283c10	56	partial
00283c48	FUN_00283c48	48	thunk
00283c78	FUN_00283c78	220	partial
00283d58	FUN_00283d58	56	partial
00283d90	FUN_00283d90	48	thunk
00283dc0	FUN_00283dc0	220	partial
00283ea0	FUN_00283ea0	56	partial
00283ed8	FUN_00283ed8	48	thunk
00283f08	FUN_00283f08	220	partial
00283fe8	FUN_00283fe8	56	partial
00284020	FUN_00284020	48	thunk
00284050	FUN_00284050	220	partial
00284170	FUN_00284170	20	thunk
00284188	FUN_00284188	16	thunk
00284198	FUN_00284198	156	partial
00284238	FUN_00284238	56	partial
00284270	FUN_00284270	36	unknown
002842a8	FUN_002842a8	156	partial
00284348	FUN_00284348	16	thunk
00284358	FUN_00284358	28	thunk
00284378	FUN_00284378	8	thunk
00284380	FUN_00284380	8	thunk
00284388	FUN_00284388	96	unknown
002843e8	FUN_002843e8	96	unknown
00284448	FUN_00284448	48	unknown
00284480	FUN_00284480	8	thunk
00284488	FUN_00284488	8	thunk
00284490	FUN_00284490	48	thunk
002844c0	FUN_002844c0	48	unknown
002844f8	FUN_002844f8	8	thunk
00284500	FUN_00284500	8	thunk
00284508	FUN_00284508	8	thunk
00284510	FUN_00284510	48	unknown
00284540	FUN_00284540	8	thunk
00284548	FUN_00284548	8	thunk
00284550	FUN_00284550	8	thunk
00284558	FUN_00284558	48	unknown
00284588	FUN_00284588	8	thunk
00284590	FUN_00284590	8	thunk
00284598	FUN_00284598	8	thunk
002845a0	FUN_002845a0	48	unknown
002845d0	FUN_002845d0	8	thunk
002845d8	FUN_002845d8	8	thunk
002845e0	FUN_002845e0	8	thunk
002845e8	FUN_002845e8	48	unknown
00284618	FUN_00284618	8	thunk
00284620	FUN_00284620	8	thunk
00284628	FUN_00284628	8	thunk
00284630	FUN_00284630	48	unknown
00284660	FUN_00284660	8	thunk
00284668	FUN_00284668	8	thunk
00284670	FUN_00284670	8	thunk
00284698	FUN_00284698	8	thunk
002846a0	FUN_002846a0	8	thunk
002846a8	FUN_002846a8	8	thunk
002846c0	FUN_002846c0	8	thunk
002846c8	FUN_002846c8	8	thunk
002846d0	FUN_002846d0	8	thunk
002846f8	FUN_002846f8	8	thunk
00284700	FUN_00284700	8	thunk
00284708	FUN_00284708	8	thunk
00284730	FUN_00284730	8	thunk
00284738	FUN_00284738	8	thunk
00284740	FUN_00284740	8	thunk
00284818	FUN_00284818	8	thunk
00284820	FUN_00284820	8	thunk
00284828	FUN_00284828	8	thunk
00284890	FUN_00284890	84	unknown
002848e8	FUN_002848e8	8	thunk
002848f0	FUN_002848f0	8	thunk
002848f8	FUN_002848f8	24	unknown
00284ae0	FUN_00284ae0	8	thunk
00284ae8	FUN_00284ae8	8	thunk
00284af0	FUN_00284af0	8	thunk
00284af8	FUN_00284af8	8	thunk
00284b00	FUN_00284b00	8	thunk
00284b10	FUN_00284b10	8	thunk
00284b18	FUN_00284b18	8	thunk
00284b20	FUN_00284b20	44	unknown
00284b78	FUN_00284b78	12	thunk
00284b88	FUN_00284b88	16	thunk
00284b98	FUN_00284b98	8	thunk
00284ba0	FUN_00284ba0	8	thunk
00284ba8	FUN_00284ba8	8	thunk
00284bb0	FUN_00284bb0	8	thunk
00284bb8	FUN_00284bb8	8	thunk
00284bc0	FUN_00284bc0	8	thunk
00284bd8	FUN_00284bd8	8	thunk
00284be0	FUN_00284be0	8	thunk
00284be8	FUN_00284be8	8	thunk
00284bf0	FUN_00284bf0	48	partial
00284c20	FUN_00284c20	16	thunk
00284c30	FUN_00284c30	8	thunk
00284c38	FUN_00284c38	8	thunk
00284c40	FUN_00284c40	8	thunk
00284c48	FUN_00284c48	96	unknown
00284cb8	FUN_00284cb8	40	thunk
00284ce0	FUN_00284ce0	8	thunk
00284ce8	FUN_00284ce8	16	thunk
00284cf8	FUN_00284cf8	8	thunk
00284d00	FUN_00284d00	8	thunk
00284d08	FUN_00284d08	84	unknown
00284d60	FUN_00284d60	32	thunk
00284d88	FUN_00284d88	8	thunk
00284d90	FUN_00284d90	12	thunk
00284da8	FUN_00284da8	56	unknown
00284e70	FUN_00284e70	8	thunk
00284e78	FUN_00284e78	72	unknown
00284ed0	FUN_00284ed0	12	thunk
00284ef0	FUN_00284ef0	8	thunk
00284f08	FUN_00284f08	8	thunk
00284f10	FUN_00284f10	84	unknown
00284f70	FUN_00284f70	12	thunk
00284fc0	FUN_00284fc0	8	thunk
00284fc8	FUN_00284fc8	140	unknown
00285058	FUN_00285058	8	thunk
00285060	FUN_00285060	8	thunk
00285068	FUN_00285068	8	thunk
00285070	FUN_00285070	8	thunk
00285078	FUN_00285078	8	thunk
00285080	FUN_00285080	12	thunk
00285090	FUN_00285090	12	thunk
002850a0	FUN_002850a0	12	thunk
002850b0	FUN_002850b0	20	thunk
002850c8	FUN_002850c8	36	thunk
002850f0	FUN_002850f0	20	unknown
00285108	FUN_00285108	76	unknown
00285180	FUN_00285180	48	unknown
002851b0	FUN_002851b0	12	thunk
002851e0	FUN_002851e0	12	thunk
002851f8	FUN_002851f8	16	thunk
00285378	FUN_00285378	204	unknown
002855d8	FUN_002855d8	64	unknown
00285660	FUN_00285660	20	thunk
00285678	FUN_00285678	16	understood
00285688	FUN_00285688	24	thunk
00285760	FUN_00285760	16	thunk
00285820	FUN_00285820	16	thunk
00285830	FUN_00285830	12	thunk
00285840	FUN_00285840	20	thunk
00285858	FUN_00285858	140	partial
002858e8	FUN_002858e8	8	thunk
002858f0	FUN_002858f0	8	thunk
002858f8	FUN_002858f8	8	thunk
00285910	FUN_00285910	8	thunk
00285918	FUN_00285918	40	thunk
00285940	FUN_00285940	16	thunk
00285950	FUN_00285950	8	thunk
00285958	FUN_00285958	8	thunk
00285960	FUN_00285960	16	thunk
00285970	FUN_00285970	8	thunk
00285978	FUN_00285978	116	unknown
002859f0	FUN_002859f0	24	unknown
00285a08	FUN_00285a08	8	thunk
00285a10	FUN_00285a10	8	thunk
00285a18	FUN_00285a18	8	thunk
00285a20	FUN_00285a20	8	thunk
00285a28	FUN_00285a28	8	thunk
00285a48	FUN_00285a48	24	unknown
00285a60	FUN_00285a60	24	unknown
00285a78	FUN_00285a78	24	unknown
00285a98	FUN_00285a98	20	unknown
00285ad8	FUN_00285ad8	52	unknown
00285b20	FUN_00285b20	8	thunk
00285b28	FUN_00285b28	8	thunk
00285b78	FUN_00285b78	44	unknown
00285ba8	FUN_00285ba8	16	thunk
00285cd0	FUN_00285cd0	84	unknown
00285d28	FUN_00285d28	44	thunk
00285d60	FUN_00285d60	152	unknown
00285df8	FUN_00285df8	180	partial
00285eb0	FUN_00285eb0	32	thunk
00285ed0	FUN_00285ed0	44	thunk
00285f00	FUN_00285f00	8	thunk
00285f30	FUN_00285f30	52	thunk
00285f68	FUN_00285f68	56	unknown
00285fe8	FUN_00285fe8	32	thunk
00286008	FUN_00286008	156	partial
002860a8	FUN_002860a8	80	partial
00286200	FUN_00286200	32	thunk
00286220	FUN_00286220	56	unknown
00286258	FUN_00286258	16	thunk
00286268	FUN_00286268	20	thunk
00286280	FUN_00286280	12	thunk
00286290	FUN_00286290	16	thunk
002862a0	FUN_002862a0	196	unknown
00286368	FUN_00286368	32	thunk
00286388	FUN_00286388	56	unknown
00286408	FUN_00286408	8	thunk
00286420	FUN_00286420	8	thunk
00286428	FUN_00286428	20	unknown
00286450	FUN_00286450	8	thunk
00286458	FUN_00286458	8	thunk
00286460	FUN_00286460	8	thunk
00286468	FUN_00286468	8	thunk
00286470	FUN_00286470	8	thunk
00286478	FUN_00286478	12	thunk
00286488	FUN_00286488	12	thunk
00286498	FUN_00286498	12	thunk
002864b0	FUN_002864b0	44	thunk
002864f0	FUN_002864f0	76	unknown
00286540	FUN_00286540	20	thunk
00286558	FUN_00286558	16	thunk
00286590	FUN_00286590	8	thunk
002865b8	FUN_002865b8	8	thunk
002865c0	FUN_002865c0	8	thunk
002865c8	FUN_002865c8	16	thunk
002865d8	FUN_002865d8	8	thunk
002865e0	FUN_002865e0	8	thunk
00286628	FUN_00286628	8	thunk
00286630	FUN_00286630	8	thunk
00286638	FUN_00286638	8	thunk
00286640	FUN_00286640	36	thunk
00286668	FUN_00286668	12	thunk
00286678	FUN_00286678	8	thunk
00286680	FUN_00286680	72	unknown
002866d8	FUN_002866d8	8	thunk
00286708	FUN_00286708	176	unknown
002867b8	FUN_002867b8	8	thunk
002867c0	FUN_002867c0	8	thunk
002867f8	FUN_002867f8	48	unknown
00286830	FUN_00286830	8	thunk
00286838	FUN_00286838	8	thunk
00286840	FUN_00286840	84	unknown
00286940	FUN_00286940	28	thunk
00286960	FUN_00286960	192	unknown
00286a20	FUN_00286a20	84	unknown
00286a78	FUN_00286a78	12	thunk
00286a90	FUN_00286a90	8	thunk
00286ab8	FUN_00286ab8	8	thunk
00286ac0	FUN_00286ac0	40	thunk
00286ae8	FUN_00286ae8	8	thunk
00286af0	FUN_00286af0	8	thunk
00286af8	FUN_00286af8	8	thunk
00286b10	FUN_00286b10	8	thunk
00286b18	FUN_00286b18	8	thunk
00286b20	FUN_00286b20	8	thunk
00286b28	FUN_00286b28	8	thunk
00286b30	FUN_00286b30	8	thunk
00286b38	FUN_00286b38	8	thunk
00286b40	FUN_00286b40	8	thunk
00286b48	FUN_00286b48	8	thunk
00286b50	FUN_00286b50	12	thunk
00286b60	FUN_00286b60	16	thunk
00286b70	FUN_00286b70	16	thunk
00286b80	FUN_00286b80	32	thunk
00286ba0	FUN_00286ba0	12	thunk
00286bd8	FUN_00286bd8	8	thunk
00286be0	FUN_00286be0	8	thunk
00286be8	FUN_00286be8	8	thunk
00286bf0	FUN_00286bf0	8	thunk
00286bf8	FUN_00286bf8	8	thunk
00286c00	FUN_00286c00	8	thunk
00286c08	FUN_00286c08	8	thunk
00286c10	FUN_00286c10	8	thunk
00286c18	FUN_00286c18	12	thunk
00286c28	FUN_00286c28	16	thunk
00286c38	FUN_00286c38	16	thunk
00286c48	FUN_00286c48	8	thunk
00286c60	FUN_00286c60	8	thunk
00286c68	FUN_00286c68	8	thunk
00286c70	FUN_00286c70	8	thunk
00286c78	FUN_00286c78	8	thunk
00286c80	FUN_00286c80	8	thunk
00286c88	FUN_00286c88	8	thunk
00286c90	FUN_00286c90	8	thunk
00286c98	FUN_00286c98	8	thunk
00286ca0	FUN_00286ca0	12	thunk
00286cb0	FUN_00286cb0	16	thunk
00286cc0	FUN_00286cc0	16	thunk
00286cd0	FUN_00286cd0	8	thunk
00286d28	FUN_00286d28	60	unknown
00286d68	FUN_00286d68	60	unknown
00286da8	FUN_00286da8	60	unknown
00286de8	FUN_00286de8	60	unknown
00286e28	FUN_00286e28	60	unknown
00286e68	FUN_00286e68	60	unknown
00286ea8	FUN_00286ea8	60	unknown
00286ee8	FUN_00286ee8	60	unknown
00286f28	FUN_00286f28	60	unknown
00286f68	FUN_00286f68	60	unknown
00286fa8	FUN_00286fa8	60	unknown
00287078	FUN_00287078	60	unknown
002870b8	FUN_002870b8	12	thunk
002870c8	FUN_002870c8	12	thunk
002870d8	FUN_002870d8	12	thunk
002870e8	FUN_002870e8	12	thunk
002870f8	FUN_002870f8	48	thunk
00287128	FUN_00287128	48	unknown
00287158	FUN_00287158	36	unknown
00287180	FUN_00287180	48	unknown
002871b0	FUN_002871b0	48	unknown
002871e0	FUN_002871e0	8	thunk
002871e8	FUN_002871e8	48	unknown
00287218	FUN_00287218	8	thunk
00287220	FUN_00287220	48	unknown
00287280	FUN_00287280	44	unknown
002872b0	FUN_002872b0	32	thunk
002872d0	FUN_002872d0	12	thunk
002872e0	FUN_002872e0	16	thunk
002872f0	FUN_002872f0	52	unknown
00287328	FUN_00287328	20	thunk
00287340	FUN_00287340	8	thunk
00287358	FUN_00287358	32	thunk
00287378	FUN_00287378	12	thunk
00287388	FUN_00287388	16	thunk
00287398	FUN_00287398	52	unknown
002873d0	FUN_002873d0	1128	partial
00287840	FUN_00287840	16	thunk
00287850	FUN_00287850	156	partial
002878f0	FUN_002878f0	8	thunk
002878f8	FUN_002878f8	116	unknown
00287980	FUN_00287980	8	thunk
00287988	FUN_00287988	148	unknown
00287a30	FUN_00287a30	8	thunk
00287a38	FUN_00287a38	128	unknown
00287ac8	FUN_00287ac8	8	thunk
00287ad0	FUN_00287ad0	176	unknown
00287b90	FUN_00287b90	28	thunk
00287bb0	FUN_00287bb0	28	thunk
00287bd0	FUN_00287bd0	36	thunk
00287bf8	FUN_00287bf8	248	partial
00287cf0	FUN_00287cf0	208	unknown
00287dc0	FUN_00287dc0	8	thunk
00287dc8	FUN_00287dc8	148	unknown
00287e70	FUN_00287e70	124	unknown
00287ef0	FUN_00287ef0	56	unknown
00287f28	FUN_00287f28	28	thunk
00287f48	FUN_00287f48	28	thunk
00287f68	FUN_00287f68	28	thunk
00287f88	FUN_00287f88	8	thunk
00287f90	FUN_00287f90	136	unknown
00288028	FUN_00288028	8	thunk
00288030	FUN_00288030	136	unknown
002880c8	FUN_002880c8	8	thunk
002880d0	FUN_002880d0	136	unknown
00288168	FUN_00288168	8	thunk
00288170	FUN_00288170	152	unknown
00288218	FUN_00288218	216	unknown
002882f0	FUN_002882f0	8	thunk
002882f8	FUN_002882f8	96	unknown
00288368	FUN_00288368	8	thunk
00288370	FUN_00288370	108	unknown
002883f0	FUN_002883f0	8	thunk
002883f8	FUN_002883f8	96	unknown
00288468	FUN_00288468	8	thunk
00288470	FUN_00288470	8	thunk
00288478	FUN_00288478	8	thunk
00288480	FUN_00288480	8	thunk
00288488	FUN_00288488	8	thunk
00288490	FUN_00288490	8	thunk
00288498	FUN_00288498	8	thunk
002884a0	FUN_002884a0	8	thunk
002884a8	FUN_002884a8	8	thunk
002884b0	FUN_002884b0	8	thunk
002884b8	FUN_002884b8	8	thunk
002884c0	FUN_002884c0	8	thunk
002884c8	FUN_002884c8	8	thunk
002884d0	FUN_002884d0	8	thunk
002884d8	FUN_002884d8	8	thunk
002884e0	FUN_002884e0	180	partial
00288598	FUN_00288598	156	partial
00288638	FUN_00288638	196	unknown
00288700	FUN_00288700	196	unknown
002887c8	FUN_002887c8	156	partial
00288868	FUN_00288868	136	partial
002888f0	FUN_002888f0	156	partial
00288990	FUN_00288990	196	unknown
00288a58	FUN_00288a58	172	unknown
00288b08	FUN_00288b08	8	thunk
00288b10	TextureServer_Init	332	understood
00288c60	FUN_00288c60	60	unknown
00288ca0	FUN_00288ca0	80	unknown
00288cf0	FUN_00288cf0	52	unknown
00288d28	FUN_00288d28	80	unknown
00288d78	FUN_00288d78	160	partial
00288e18	FUN_00288e18	156	unknown
00288eb8	FUN_00288eb8	36	thunk
00288ee0	FUN_00288ee0	48	unknown
00288f18	FUN_00288f18	36	unknown
00288f40	PooledServer_SelectBank	44	understood
00288f70	FUN_00288f70	192	partial
00289030	FUN_00289030	8	thunk
00289038	FUN_00289038	8	thunk
00289040	FUN_00289040	8	thunk
00289048	FUN_00289048	864	partial
002893b0	FUN_002893b0	428	unknown
00289560	FUN_00289560	48	unknown
00289590	FUN_00289590	8	thunk
00289598	FUN_00289598	8	thunk
002895a0	FUN_002895a0	8	thunk
002895a8	FUN_002895a8	8	thunk
002895b0	FUN_002895b0	8	thunk
002895b8	FUN_002895b8	8	thunk
002895c0	FUN_002895c0	8	thunk
002895c8	FUN_002895c8	8	thunk
002895d0	FUN_002895d0	8	thunk
002895d8	FUN_002895d8	8	thunk
002895e0	FUN_002895e0	332	unknown
00289730	FUN_00289730	80	unknown
00289780	FUN_00289780	80	unknown
002897d0	FUN_002897d0	160	partial
00289870	FUN_00289870	156	unknown
00289910	FUN_00289910	36	thunk
00289938	FUN_00289938	48	unknown
00289970	FUN_00289970	36	unknown
00289998	FUN_00289998	44	unknown
002899c8	FUN_002899c8	192	partial
00289a88	FUN_00289a88	8	thunk
00289a90	FUN_00289a90	864	partial
00289df8	FUN_00289df8	428	unknown
00289fa8	FUN_00289fa8	188	unknown
0028a068	FUN_0028a068	152	unknown
0028a100	FUN_0028a100	48	unknown
0028a130	FUN_0028a130	8	thunk
0028a138	FUN_0028a138	8	thunk
0028a140	FUN_0028a140	8	thunk
0028a148	FUN_0028a148	8	thunk
0028a150	FUN_0028a150	220	unknown
0028a230	FUN_0028a230	212	unknown
0028a308	FUN_0028a308	8	thunk
0028a310	FUN_0028a310	16	thunk
0028a320	FUN_0028a320	8	thunk
0028a328	FUN_0028a328	8	thunk
0028a330	FUN_0028a330	8	thunk
0028a338	FUN_0028a338	8	thunk
0028a340	FUN_0028a340	8	thunk
0028a348	FUN_0028a348	8	thunk
0028a350	FUN_0028a350	332	unknown
0028a4a0	FUN_0028a4a0	80	unknown
0028a4f0	FUN_0028a4f0	80	unknown
0028a540	FUN_0028a540	80	unknown
0028a590	FUN_0028a590	160	partial
0028a630	FUN_0028a630	156	unknown
0028a6d0	FUN_0028a6d0	36	thunk
0028a6f8	FUN_0028a6f8	48	unknown
0028a730	FUN_0028a730	36	unknown
0028a758	FUN_0028a758	44	unknown
0028a788	FUN_0028a788	192	partial
0028a848	FUN_0028a848	260	partial
0028a950	FUN_0028a950	864	partial
0028acb8	FUN_0028acb8	428	unknown
0028ae68	FUN_0028ae68	48	unknown
0028ae98	FUN_0028ae98	8	thunk
0028aea0	FUN_0028aea0	8	thunk
0028aea8	FUN_0028aea8	424	unknown
0028b050	FUN_0028b050	416	unknown
0028b1f0	FUN_0028b1f0	8	thunk
0028b1f8	FUN_0028b1f8	16	thunk
0028b208	FUN_0028b208	8	thunk
0028b210	FUN_0028b210	148	unknown
0028b2a8	FUN_0028b2a8	8	thunk
0028b2b0	FUN_0028b2b0	8	thunk
0028b2b8	FUN_0028b2b8	8	thunk
0028b2c0	FUN_0028b2c0	148	unknown
0028b358	FUN_0028b358	8	thunk
0028b360	FUN_0028b360	8	thunk
0028b368	FUN_0028b368	8	thunk
0028b370	FUN_0028b370	8	thunk
0028b378	FUN_0028b378	148	unknown
0028b410	FUN_0028b410	8	thunk
0028b418	FUN_0028b418	8	thunk
0028b420	FUN_0028b420	8	thunk
0028b428	FUN_0028b428	148	unknown
0028b4c0	FUN_0028b4c0	8	thunk
0028b4c8	FUN_0028b4c8	8	thunk
0028b4d0	FUN_0028b4d0	148	unknown
0028b568	FUN_0028b568	8	thunk
0028b570	FUN_0028b570	8	thunk
0028b578	FUN_0028b578	8	thunk
0028b580	FUN_0028b580	8	thunk
0028b588	FUN_0028b588	148	unknown
0028b620	FUN_0028b620	8	thunk
0028b628	FUN_0028b628	8	thunk
0028b630	FUN_0028b630	8	thunk
0028b638	FUN_0028b638	148	unknown
0028b6d0	FUN_0028b6d0	8	thunk
0028b6d8	FUN_0028b6d8	8	thunk
0028b6e0	FUN_0028b6e0	8	thunk
0028b6e8	FUN_0028b6e8	8	thunk
0028b6f0	FUN_0028b6f0	332	unknown
0028b840	FUN_0028b840	676	unknown
0028bae8	FUN_0028bae8	80	unknown
0028bb38	FUN_0028bb38	80	unknown
0028bb88	FUN_0028bb88	80	unknown
0028bbd8	FUN_0028bbd8	156	unknown
0028bc78	WadServer_SelectBank	44	understood
0028bca8	FUN_0028bca8	48	unknown
0028bcd8	FUN_0028bcd8	16	thunk
0028bce8	FUN_0028bce8	8	thunk
0028bcf0	GOServer_Init	332	understood
0028be40	FUN_0028be40	80	unknown
0028be90	FUN_0028be90	80	unknown
0028bee0	FUN_0028bee0	160	partial
0028bf80	FUN_0028bf80	156	unknown
0028c020	GOServer_SelectBank	44	understood
0028c050	FUN_0028c050	48	unknown
0028c080	FUN_0028c080	8	thunk
0028c088	FUN_0028c088	8	thunk
0028c090	FUN_0028c090	416	unknown
0028c230	FUN_0028c230	408	unknown
0028c3c8	FUN_0028c3c8	8	thunk
0028c3d0	FUN_0028c3d0	8	thunk
0028c3d8	FUN_0028c3d8	8	thunk
0028c3e0	FUN_0028c3e0	424	unknown
0028c588	FUN_0028c588	432	unknown
0028c998	FUN_0028c998	472	unknown
0028cb70	FUN_0028cb70	456	unknown
0028cd38	FUN_0028cd38	464	unknown
0028d1a8	FUN_0028d1a8	504	unknown
0028d3a0	FUN_0028d3a0	432	unknown
0028d550	FUN_0028d550	440	unknown
0028d978	FUN_0028d978	472	unknown
0028e3f0	FUN_0028e3f0	640	unknown
0028ec58	FUN_0028ec58	480	unknown
0028ee38	FUN_0028ee38	424	unknown
0028efe0	FUN_0028efe0	432	unknown
0028f3d0	FUN_0028f3d0	472	unknown
0028fbe8	FUN_0028fbe8	504	unknown
0028fde0	FUN_0028fde0	956	unknown
002901a0	FUN_002901a0	992	unknown
00290580	FUN_00290580	292	unknown
002906a8	FUN_002906a8	300	unknown
002907d8	FUN_002907d8	1008	unknown
00290bc8	FUN_00290bc8	1040	unknown
00290fd8	FUN_00290fd8	40	thunk
00291000	FUN_00291000	72	unknown
00291048	FUN_00291048	40	thunk
00291070	FUN_00291070	72	unknown
002910b8	FUN_002910b8	72	unknown
00291100	FUN_00291100	72	unknown
00291148	FUN_00291148	72	unknown
00291190	FUN_00291190	72	unknown
002911d8	FUN_002911d8	40	thunk
00291200	FUN_00291200	36	thunk
00291228	FUN_00291228	48	unknown
00291260	FUN_00291260	40	thunk
00291288	FUN_00291288	340	partial
002913e0	FUN_002913e0	52	unknown
00291418	FUN_00291418	48	partial
00291448	FUN_00291448	40	thunk
00291470	FUN_00291470	144	unknown
00291500	FUN_00291500	8	thunk
00291508	FUN_00291508	48	partial
00291538	FUN_00291538	100	partial
002915a0	FUN_002915a0	48	partial
002915d0	FUN_002915d0	100	partial
00291638	FUN_00291638	48	partial
00291668	FUN_00291668	100	partial
002916d0	FUN_002916d0	20	thunk
002916e8	FUN_002916e8	20	thunk
00291700	FUN_00291700	48	unknown
00291730	FUN_00291730	8	thunk
00291738	FUN_00291738	8	thunk
00291740	FUN_00291740	60	unknown
00291780	FUN_00291780	12	thunk
00291790	FUN_00291790	8	thunk
00291798	FUN_00291798	8	thunk
002917a0	FUN_002917a0	8	thunk
002917a8	FUN_002917a8	28	thunk
002917c8	FUN_002917c8	80	partial
00291818	FUN_00291818	16	thunk
00291828	FUN_00291828	8	thunk
00291830	FUN_00291830	8	thunk
00291838	FUN_00291838	8	thunk
00291840	FUN_00291840	8	thunk
00291848	FUN_00291848	8	thunk
00291850	FUN_00291850	28	thunk
00291870	FUN_00291870	28	thunk
00291890	FUN_00291890	56	unknown
002918c8	FUN_002918c8	32	thunk
002918e8	FUN_002918e8	80	unknown
00291938	FUN_00291938	56	partial
00291970	FUN_00291970	52	unknown
002919a8	FUN_002919a8	180	partial
00291a60	TextureBank_CreateFromRecord	132	partial
00291ae8	TextureBank_NewTexture	100	partial
00291b50	FUN_00291b50	28	thunk
00291b70	FUN_00291b70	8	thunk
00291b78	FUN_00291b78	228	unknown
00291c60	FUN_00291c60	80	unknown
00291cb0	FUN_00291cb0	48	partial
00291ce0	FUN_00291ce0	28	dead
00291d10	FUN_00291d10	68	unknown
00291d58	FUN_00291d58	44	thunk
00291d88	FUN_00291d88	32	thunk
00291da8	FUN_00291da8	8	thunk
00291db0	FUN_00291db0	56	unknown
00291de8	FUN_00291de8	32	thunk
00291e08	FUN_00291e08	72	unknown
00291e50	FUN_00291e50	44	thunk
00291e80	FUN_00291e80	32	thunk
00291ea0	FUN_00291ea0	20	thunk
00291eb8	FUN_00291eb8	12	thunk
00291ec8	FUN_00291ec8	48	unknown
00291ef8	FUN_00291ef8	16	thunk
00291f08	FUN_00291f08	116	unknown
00291f80	FUN_00291f80	52	thunk
00291fb8	FUN_00291fb8	52	thunk
00291ff0	FUN_00291ff0	56	unknown
00292028	FUN_00292028	32	thunk
00292048	FUN_00292048	56	unknown
00292080	FUN_00292080	32	thunk
002920a0	FUN_002920a0	8	thunk
002920a8	FUN_002920a8	56	unknown
002920e0	FUN_002920e0	32	thunk
00292100	FUN_00292100	56	unknown
00292138	FUN_00292138	52	dead
00292170	FUN_00292170	52	thunk
002921a8	FUN_002921a8	52	thunk
002921e0	FUN_002921e0	52	thunk
00292218	FUN_00292218	80	unknown
00292268	FUN_00292268	88	unknown
002922c0	FUN_002922c0	160	unknown
00292360	FUN_00292360	80	unknown
002923b0	FUN_002923b0	72	unknown
002923f8	FUN_002923f8	136	unknown
00292480	FUN_00292480	144	unknown
00292510	FUN_00292510	104	unknown
00292578	FUN_00292578	104	dead
002925e0	FUN_002925e0	52	dead
00292618	FUN_00292618	104	unknown
00292680	FUN_00292680	36	thunk
002926a8	FUN_002926a8	296	partial
002927d0	FUN_002927d0	296	partial
002928f8	FUN_002928f8	8	thunk
00292900	FUN_00292900	8	thunk
00292908	FUN_00292908	56	unknown
00292940	FUN_00292940	32	thunk
00292b38	FUN_00292b38	68	unknown
00292b80	FUN_00292b80	68	unknown
00292bd0	FUN_00292bd0	708	unknown
00292e98	FUN_00292e98	68	unknown
00292ee0	FUN_00292ee0	68	unknown
00292f28	FUN_00292f28	68	unknown
00292f70	FUN_00292f70	68	unknown
00292fb8	FUN_00292fb8	68	unknown
00293008	FUN_00293008	192	unknown
002930c8	FUN_002930c8	80	unknown
00293118	FUN_00293118	68	unknown
00293160	FUN_00293160	68	unknown
002931b0	FUN_002931b0	656	unknown
00293440	FUN_00293440	140	unknown
002934d0	FUN_002934d0	12	thunk
002934e0	FUN_002934e0	28	thunk
00293500	FUN_00293500	100	unknown
00293568	FUN_00293568	68	unknown
002935b0	FUN_002935b0	68	unknown
002935f8	FUN_002935f8	68	unknown
00293640	FUN_00293640	68	unknown
00293688	FUN_00293688	68	unknown
002936d0	FUN_002936d0	68	unknown
00293720	FUN_00293720	600	unknown
00293980	FUN_00293980	128	unknown
00293a00	FUN_00293a00	68	unknown
00293a48	FUN_00293a48	68	unknown
00293a90	FUN_00293a90	68	unknown
00293ad8	FUN_00293ad8	116	partial
00293b50	FUN_00293b50	8	thunk
00293b68	FUN_00293b68	68	unknown
00293bb0	FUN_00293bb0	68	unknown
00293bf8	FUN_00293bf8	116	partial
00293c70	FUN_00293c70	8	thunk
00293c88	FUN_00293c88	68	unknown
00293cd0	FUN_00293cd0	68	unknown
00293d18	FUN_00293d18	116	partial
00293d90	FUN_00293d90	8	thunk
00293da8	FUN_00293da8	68	unknown
00293df0	FUN_00293df0	68	unknown
00293e70	FUN_00293e70	68	unknown
00293eb8	FUN_00293eb8	68	unknown
00293f00	FUN_00293f00	68	unknown
00293f48	FUN_00293f48	68	unknown
00293f90	FUN_00293f90	68	unknown
00293fe8	FUN_00293fe8	68	unknown
00294040	FUN_00294040	68	unknown
00294088	FUN_00294088	68	unknown
002940e0	FUN_002940e0	68	unknown
00294128	FUN_00294128	8	thunk
00294130	FUN_00294130	56	unknown
00294168	FUN_00294168	32	thunk
00294188	FUN_00294188	56	unknown
002941c0	FUN_002941c0	32	thunk
002941e0	FUN_002941e0	68	unknown
00294228	FUN_00294228	32	thunk
00294248	FUN_00294248	68	unknown
00294290	FUN_00294290	32	thunk
002942b0	FUN_002942b0	56	unknown
002942e8	FUN_002942e8	32	thunk
00294308	FUN_00294308	44	thunk
00294340	FUN_00294340	44	thunk
00294370	FUN_00294370	32	thunk
00294390	FUN_00294390	56	unknown
002943c8	FUN_002943c8	32	thunk
002943e8	FUN_002943e8	56	unknown
00294420	FUN_00294420	32	thunk
00294440	FUN_00294440	8	thunk
00294448	FUN_00294448	48	partial
00294478	FUN_00294478	100	partial
002944e0	FUN_002944e0	48	partial
00294510	FUN_00294510	100	partial
00294578	FUN_00294578	468	unknown
00294750	FUN_00294750	468	unknown
00294928	FUN_00294928	468	unknown
00294b00	FUN_00294b00	468	unknown
00294cd8	FUN_00294cd8	468	unknown
00294eb0	FUN_00294eb0	160	unknown
00294f50	FUN_00294f50	1776	partial
00295640	FUN_00295640	72	unknown
00295688	FUN_00295688	104	unknown
002956f0	FUN_002956f0	28	thunk
00295710	FUN_00295710	72	unknown
00295758	FUN_00295758	72	unknown
002957a0	FUN_002957a0	28	thunk
002957c0	FUN_002957c0	332	unknown
00295910	FUN_00295910	72	unknown
00295958	FUN_00295958	28	thunk
00295978	FUN_00295978	72	unknown
002959c0	FUN_002959c0	72	unknown
00295a08	FUN_00295a08	28	thunk
00295a28	FUN_00295a28	72	unknown
00295a70	FUN_00295a70	96	unknown
00295ad0	FUN_00295ad0	28	thunk
00295af0	FUN_00295af0	72	unknown
00295b38	FUN_00295b38	96	unknown
00295b98	FUN_00295b98	28	thunk
00295bb8	FUN_00295bb8	72	unknown
00295c00	FUN_00295c00	96	unknown
00295c60	FUN_00295c60	28	thunk
00295c80	FUN_00295c80	72	unknown
00295cc8	FUN_00295cc8	96	unknown
00295d28	FUN_00295d28	28	thunk
00295d48	FUN_00295d48	72	unknown
00295d90	FUN_00295d90	96	unknown
00295df0	FUN_00295df0	28	thunk
00295e10	FUN_00295e10	72	unknown
00295e58	FUN_00295e58	96	unknown
00295eb8	FUN_00295eb8	28	thunk
00295ed8	FUN_00295ed8	72	unknown
00295f20	FUN_00295f20	96	unknown
00295f80	FUN_00295f80	28	thunk
00295fa0	FUN_00295fa0	72	unknown
00295fe8	FUN_00295fe8	100	unknown
00296050	FUN_00296050	28	thunk
00296070	FUN_00296070	72	unknown
002960b8	FUN_002960b8	104	unknown
00296120	FUN_00296120	28	thunk
00296140	FUN_00296140	72	unknown
00296188	FUN_00296188	72	unknown
002961d0	FUN_002961d0	28	thunk
002961f0	FUN_002961f0	144	unknown
00296280	FUN_00296280	1776	unknown
00296970	FUN_00296970	1776	unknown
00297060	FUN_00297060	1776	unknown
00297750	FUN_00297750	1776	unknown
00297e40	FUN_00297e40	1776	unknown
00298530	FUN_00298530	1776	unknown
00298c20	FUN_00298c20	1776	unknown
00299310	FUN_00299310	1776	unknown
00299a00	FUN_00299a00	1776	unknown
0029a0f0	FUN_0029a0f0	144	unknown
0029a180	FUN_0029a180	468	unknown
0029a358	FUN_0029a358	8	thunk
0029a360	FUN_0029a360	468	unknown
0029a538	FUN_0029a538	732	unknown
0029a818	FUN_0029a818	700	unknown
0029aad8	FUN_0029aad8	700	unknown
0029ad98	FUN_0029ad98	636	unknown
0029b018	FUN_0029b018	740	unknown
0029b300	FUN_0029b300	760	unknown
0029b5f8	FUN_0029b5f8	84	unknown
0029b650	FUN_0029b650	84	unknown
0029b6a8	FUN_0029b6a8	84	unknown
0029b700	FUN_0029b700	84	unknown
0029b758	FUN_0029b758	84	unknown
0029b7b0	FUN_0029b7b0	84	unknown
0029b808	FUN_0029b808	84	unknown
0029b860	FUN_0029b860	84	unknown
0029b8b8	FUN_0029b8b8	84	unknown
0029b910	FUN_0029b910	84	unknown
0029b968	FUN_0029b968	36	thunk
0029b990	FUN_0029b990	48	unknown
0029b9c8	FUN_0029b9c8	128	unknown
0029ba48	FUN_0029ba48	28	thunk
0029ba68	FUN_0029ba68	60	unknown
0029baa8	FUN_0029baa8	84	unknown
0029bb00	FUN_0029bb00	236	unknown
0029bbf0	FUN_0029bbf0	1940	unknown
0029c390	FUN_0029c390	12	thunk
0029c3a0	FUN_0029c3a0	72	unknown
0029c3e8	FUN_0029c3e8	40	thunk
0029c410	FUN_0029c410	264	unknown
0029c518	FUN_0029c518	12	thunk
0029c528	FUN_0029c528	84	unknown
0029c580	FUN_0029c580	52	thunk
0029c5b8	FUN_0029c5b8	300	unknown
0029c6e8	FUN_0029c6e8	124	unknown
0029c768	FUN_0029c768	188	unknown
0029c828	FUN_0029c828	136	unknown
0029c8b0	FUN_0029c8b0	708	unknown
0029cb78	FUN_0029cb78	48	unknown
0029cba8	FUN_0029cba8	172	unknown
0029cc58	FUN_0029cc58	48	unknown
0029cc88	FUN_0029cc88	440	unknown
0029ce40	FUN_0029ce40	48	unknown
0029ce70	FUN_0029ce70	364	unknown
0029cfe0	FUN_0029cfe0	48	unknown
0029d010	FUN_0029d010	228	unknown
0029d0f8	FUN_0029d0f8	48	unknown
0029d128	FUN_0029d128	116	unknown
0029d1a0	FUN_0029d1a0	88	unknown
0029d1f8	FUN_0029d1f8	832	partial
0029d538	FUN_0029d538	68	unknown
0029d580	FUN_0029d580	72	unknown
0029d5c8	FUN_0029d5c8	640	unknown
0029d848	FUN_0029d848	128	unknown
0029d8c8	FUN_0029d8c8	240	unknown
0029d9b8	FUN_0029d9b8	164	unknown
0029da60	FUN_0029da60	2964	unknown
0029e600	FUN_0029e600	68	unknown
0029e648	FUN_0029e648	68	unknown
0029e690	FUN_0029e690	68	unknown
0029e6d8	FUN_0029e6d8	68	unknown
0029e720	FUN_0029e720	104	unknown
0029e788	FUN_0029e788	104	unknown
0029e7f0	FUN_0029e7f0	156	unknown
0029e890	FUN_0029e890	692	unknown
0029eb48	FUN_0029eb48	48	unknown
0029eb78	FUN_0029eb78	524	unknown
0029ed88	FUN_0029ed88	60	unknown
0029edc8	FUN_0029edc8	816	unknown
0029f0f8	FUN_0029f0f8	80	unknown
0029f148	FUN_0029f148	296	unknown
0029f270	FUN_0029f270	48	unknown
0029f2a0	FUN_0029f2a0	236	unknown
0029f390	FUN_0029f390	48	unknown
0029f3c0	FUN_0029f3c0	96	unknown
0029f420	FUN_0029f420	48	unknown
0029f450	FUN_0029f450	708	unknown
0029f718	FUN_0029f718	68	unknown
0029f760	FUN_0029f760	68	unknown
0029f7a8	FUN_0029f7a8	68	unknown
0029f7f0	FUN_0029f7f0	68	unknown
0029f838	FUN_0029f838	68	unknown
0029f880	FUN_0029f880	48	unknown
0029f8b0	FUN_0029f8b0	548	unknown
0029fad8	FUN_0029fad8	48	unknown
0029fb08	FUN_0029fb08	296	unknown
0029fc30	FUN_0029fc30	48	unknown
0029fc60	FUN_0029fc60	96	unknown
0029fcc0	FUN_0029fcc0	48	unknown
0029fcf0	FUN_0029fcf0	648	unknown
0029ff78	FUN_0029ff78	48	unknown
0029ffa8	FUN_0029ffa8	344	unknown
002a0100	FUN_002a0100	48	unknown
002a0130	FUN_002a0130	536	unknown
002a0348	FUN_002a0348	48	unknown
002a0378	FUN_002a0378	344	unknown
002a04d0	FUN_002a04d0	48	unknown
002a0500	FUN_002a0500	536	unknown
002a0718	FUN_002a0718	48	unknown
002a0748	FUN_002a0748	344	unknown
002a08a0	FUN_002a08a0	48	unknown
002a08d0	FUN_002a08d0	216	unknown
002a09a8	FUN_002a09a8	48	unknown
002a09d8	FUN_002a09d8	264	unknown
002a0ae0	FUN_002a0ae0	48	unknown
002a0b10	FUN_002a0b10	504	unknown
002a0d10	FUN_002a0d10	48	unknown
002a0d40	FUN_002a0d40	212	unknown
002a0e18	FUN_002a0e18	48	unknown
002a0e48	FUN_002a0e48	180	unknown
002a0f00	FUN_002a0f00	48	unknown
002a0f30	FUN_002a0f30	184	unknown
002a0fe8	FUN_002a0fe8	48	unknown
002a1018	FUN_002a1018	780	unknown
002a1328	FUN_002a1328	48	unknown
002a1358	FUN_002a1358	128	unknown
002a13d8	FUN_002a13d8	48	unknown
002a1408	FUN_002a1408	248	unknown
002a1508	FUN_002a1508	84	unknown
002a1560	FUN_002a1560	84	unknown
002a15b8	FUN_002a15b8	84	unknown
002a1610	FUN_002a1610	84	unknown
002a1668	FUN_002a1668	84	unknown
002a16c0	FUN_002a16c0	84	unknown
002a1718	FUN_002a1718	316	unknown
002a1858	FUN_002a1858	1536	unknown
002a1e58	FUN_002a1e58	8	thunk
002a1e60	FUN_002a1e60	8	thunk
002a1e68	FUN_002a1e68	316	unknown
002a1fa8	FUN_002a1fa8	1536	unknown
002a25a8	FUN_002a25a8	8	thunk
002a25b0	FUN_002a25b0	8	thunk
002a25b8	FUN_002a25b8	316	unknown
002a26f8	FUN_002a26f8	1536	unknown
002a2cf8	FUN_002a2cf8	8	thunk
002a2d00	FUN_002a2d00	8	thunk
002a2d08	FUN_002a2d08	316	unknown
002a2e48	FUN_002a2e48	1536	unknown
002a3448	FUN_002a3448	8	thunk
002a3450	FUN_002a3450	8	thunk
002a3458	FUN_002a3458	384	unknown
002a35d8	FUN_002a35d8	1536	unknown
002a3bd8	FUN_002a3bd8	316	unknown
002a3d18	FUN_002a3d18	1536	unknown
002a4318	FUN_002a4318	8	thunk
002a4320	FUN_002a4320	8	thunk
002a4328	FUN_002a4328	316	unknown
002a4468	FUN_002a4468	1536	unknown
002a4a68	FUN_002a4a68	8	thunk
002a4a70	FUN_002a4a70	8	thunk
002a4a78	FUN_002a4a78	72	unknown
002a4ac8	FUN_002a4ac8	308	unknown
002a4c00	FUN_002a4c00	124	unknown
002a4c80	FUN_002a4c80	72	unknown
002a4cc8	FUN_002a4cc8	32	thunk
002a4ce8	FUN_002a4ce8	48	unknown
002a4d18	FUN_002a4d18	68	partial
002a4d60	FUN_002a4d60	256	unknown
002a4e60	FUN_002a4e60	96	unknown
002a4ec0	FUN_002a4ec0	48	unknown
002a4ef0	FUN_002a4ef0	228	unknown
002a4fd8	FUN_002a4fd8	48	unknown
002a5008	FUN_002a5008	44	thunk
002a5038	FUN_002a5038	172	unknown
002a50e8	FUN_002a50e8	328	unknown
002a5230	FUN_002a5230	128	unknown
002a52b0	FUN_002a52b0	536	unknown
002a54d0	FUN_002a54d0	48	unknown
002a5500	FUN_002a5500	408	unknown
002a5698	FUN_002a5698	68	unknown
002a56e0	FUN_002a56e0	68	unknown
002a5728	FUN_002a5728	68	unknown
002a5770	FUN_002a5770	184	unknown
002a5828	FUN_002a5828	444	unknown
002a59e8	FUN_002a59e8	68	unknown
002a5a30	FUN_002a5a30	68	unknown
002a5a78	FUN_002a5a78	68	unknown
002a5ac0	FUN_002a5ac0	68	unknown
002a5b08	FUN_002a5b08	52	unknown
002a5b40	FUN_002a5b40	16	thunk
002a5b50	FUN_002a5b50	92	unknown
002a5bb0	FUN_002a5bb0	80	unknown
002a5c00	FUN_002a5c00	84	unknown
002a5c58	FUN_002a5c58	260	unknown
002a5d60	FUN_002a5d60	164	unknown
002a5e08	FUN_002a5e08	740	unknown
002a60f8	FUN_002a60f8	120	unknown
002a6170	FUN_002a6170	564	unknown
002a63a8	FUN_002a63a8	120	unknown
002a6420	FUN_002a6420	464	unknown
002a65f8	FUN_002a65f8	48	unknown
002a6628	FUN_002a6628	728	unknown
002a6908	FUN_002a6908	108	unknown
002a6978	FUN_002a6978	264	unknown
002a6a80	FUN_002a6a80	28	thunk
002a6aa0	FUN_002a6aa0	28	thunk
002a6ac0	FUN_002a6ac0	28	thunk
002a6ae0	FUN_002a6ae0	68	unknown
002a6b28	FUN_002a6b28	28	thunk
002a6b48	FUN_002a6b48	28	thunk
002a6b68	FUN_002a6b68	8	thunk
002a6b70	FUN_002a6b70	48	unknown
002a6ba0	FUN_002a6ba0	96	unknown
002a6c00	FUN_002a6c00	48	unknown
002a6c30	FUN_002a6c30	152	unknown
002a6cc8	FUN_002a6cc8	136	unknown
002a6d50	FUN_002a6d50	356	unknown
002a6eb8	FUN_002a6eb8	76	unknown
002a6f08	FUN_002a6f08	288	unknown
002a7028	FUN_002a7028	104	unknown
002a7090	FUN_002a7090	48	unknown
002a70c0	FUN_002a70c0	364	unknown
002a7230	FUN_002a7230	148	unknown
002a72c8	FUN_002a72c8	396	unknown
002a7458	FUN_002a7458	28	thunk
002a7478	FUN_002a7478	124	unknown
002a74f8	FUN_002a74f8	548	unknown
002a7728	FUN_002a7728	32	thunk
002a7748	FUN_002a7748	584	library
002a7990	FUN_002a7990	532	library
002a7ba8	FUN_002a7ba8	44	library
002a7be0	FUN_002a7be0	44	library
002a7c10	FUN_002a7c10	168	library
002a7cb8	FUN_002a7cb8	100	library
002a7d68	FUN_002a7d68	52	library
002a7da0	FUN_002a7da0	40	library
002a7dd0	FUN_002a7dd0	48	library
002a7e18	FUN_002a7e18	60	library
002a7e58	FUN_002a7e58	48	library
002a7f70	FUN_002a7f70	48	library
002a7fa0	FUN_002a7fa0	552	library
002a81c8	FUN_002a81c8	796	library
002a84f0	FUN_002a84f0	64	library
002a8530	FUN_002a8530	304	library
002a8660	FUN_002a8660	16	library
002a8670	FUN_002a8670	32	library
002a86d0	FUN_002a86d0	184	library
002a87a0	FUN_002a87a0	52	library
002a87d8	FUN_002a87d8	60	library
002a8858	FUN_002a8858	44	library
002a8890	FUN_002a8890	44	library
002a88c0	FUN_002a88c0	60	library
002a8918	FUN_002a8918	36	library
002a8940	FUN_002a8940	56	library
002a8978	FUN_002a8978	36	library
002a89a0	FUN_002a89a0	44	library
002a89d0	FUN_002a89d0	36	library
002a8a00	FUN_002a8a00	64	library
002a8a40	FUN_002a8a40	72	library
002a8a88	FUN_002a8a88	80	library
002a8ad8	FUN_002a8ad8	52	library
002a8b10	FUN_002a8b10	60	library
002a8b50	FUN_002a8b50	64	library
002a8b98	FUN_002a8b98	48	library
002a8bc8	FUN_002a8bc8	172	library
002a8c78	FUN_002a8c78	240	library
002a8d68	FUN_002a8d68	312	library
002a8ea0	FUN_002a8ea0	116	library
002a8f18	FUN_002a8f18	100	library
002a8f80	FUN_002a8f80	88	library
002a8fd8	FUN_002a8fd8	36	library
002a9000	FUN_002a9000	292	library
002a9128	FUN_002a9128	292	library
002a9250	FUN_002a9250	428	library
002a9400	FUN_002a9400	20	library
002a9418	FUN_002a9418	44	library
002a9448	FUN_002a9448	96	library
002a94a8	FUN_002a94a8	940	library
002a9858	FUN_002a9858	228	library
002a9940	FUN_002a9940	84	library
002a9998	FUN_002a9998	548	library
002a9bc0	FUN_002a9bc0	624	library
002a9e30	FUN_002a9e30	1320	library
002aa358	FUN_002aa358	240	library
002aa448	FUN_002aa448	220	library
002aa528	FUN_002aa528	140	library
002aa5b8	FUN_002aa5b8	112	library
002aa628	FUN_002aa628	148	library
002aa6c0	FUN_002aa6c0	444	library
002aa880	FUN_002aa880	1064	library
002aacb0	FUN_002aacb0	24	library
002aacc8	FUN_002aacc8	28	library
002aacf8	FUN_002aacf8	112	library
002aad70	FUN_002aad70	80	library
002aadc0	FUN_002aadc0	68	library
002aae08	FUN_002aae08	72	library
002aae50	FUN_002aae50	120	library
002aaec8	FUN_002aaec8	132	library
002aaf68	FUN_002aaf68	44	library
002aaf98	FUN_002aaf98	464	library
002ab168	FUN_002ab168	424	library
002ab310	FUN_002ab310	204	library
002ab3e0	FUN_002ab3e0	568	library
002ab618	FUN_002ab618	200	library
002ab6e0	FUN_002ab6e0	300	library
002ab898	FUN_002ab898	692	library
002abb50	FUN_002abb50	368	library
002abcc0	FUN_002abcc0	452	library
002abe88	FUN_002abe88	176	library
002abf38	FUN_002abf38	8	library
002abf48	FUN_002abf48	72	library
002abf90	FUN_002abf90	68	library
002abfd8	FUN_002abfd8	124	library
002ac058	FUN_002ac058	12	library
002ac070	FUN_002ac070	52	library
002ac0b8	FUN_002ac0b8	120	library
002ac130	FUN_002ac130	116	library
002ac1a8	FUN_002ac1a8	68	library
002ac1f0	FUN_002ac1f0	84	library
002ac270	FUN_002ac270	204	library
002ac340	FUN_002ac340	20	library
002ac358	FUN_002ac358	12	library
002ac368	FUN_002ac368	12	library
002ac378	FUN_002ac378	108	library
002ac3e8	FUN_002ac3e8	36	library
002ac410	FUN_002ac410	36	library
002ac438	FUN_002ac438	656	library
002ac6c8	FUN_002ac6c8	704	library
002ac988	FUN_002ac988	1056	library
002acda8	FUN_002acda8	192	library
002ace68	FUN_002ace68	144	library
002acef8	FUN_002acef8	448	library
002ad0b8	FUN_002ad0b8	1240	library
002ad7b8	FUN_002ad7b8	464	library
002ad988	FUN_002ad988	1704	library
002ae030	FUN_002ae030	7592	library
002afdd8	FUN_002afdd8	992	library
002b01b8	FUN_002b01b8	32	library
002b01d8	FUN_002b01d8	300	library
002b0308	FUN_002b0308	16	library
002b0318	FUN_002b0318	160	library
002b03b8	FUN_002b03b8	200	library
002b0480	FUN_002b0480	84	library
002b04d8	FUN_002b04d8	64	library
002b0520	FUN_002b0520	388	library
002b06a8	FUN_002b06a8	1796	library
002b0db0	FUN_002b0db0	592	library
002b1000	FUN_002b1000	1160	library
002b1488	FUN_002b1488	540	library
002b16a8	FUN_002b16a8	576	library
002b18e8	FUN_002b18e8	812	library
002b1c18	FUN_002b1c18	1064	library
002b2040	FUN_002b2040	412	library
002b21e0	FUN_002b21e0	1368	library
002b2738	FUN_002b2738	376	library
002b28b0	FUN_002b28b0	360	library
002b2a18	FUN_002b2a18	384	library
002b2b98	FUN_002b2b98	232	library
002b2c80	FUN_002b2c80	140	library
002b2d10	FUN_002b2d10	148	library
002b2da8	FUN_002b2da8	52	library
002b2de8	FUN_002b2de8	188	library
002b2ea8	FUN_002b2ea8	236	library
002b2f98	FUN_002b2f98	192	library
002b3058	FUN_002b3058	380	library
002b3ec8	FUN_002b3ec8	160	library
002b3f68	_sceMpegSliceA0	412	library
002b4108	FUN_002b4108	788	library
002b4420	FUN_002b4420	684	library
002b46d0	FUN_002b46d0	160	library
002b4770	FUN_002b4770	320	library
002b48b8	FUN_002b48b8	320	library
002b49f8	FUN_002b49f8	232	library
002b4d08	FUN_002b4d08	452	library
002b4ed8	FUN_002b4ed8	52	library
002b4f18	FUN_002b4f18	336	library
002b5070	FUN_002b5070	8	library
002b5078	FUN_002b5078	80	library
002b50c8	FUN_002b50c8	140	library
002b5158	FUN_002b5158	148	library
002b51f0	FUN_002b51f0	244	library
002b52e8	FUN_002b52e8	116	library
002b5360	FUN_002b5360	116	library
002b53d8	FUN_002b53d8	228	library
002b54c0	FUN_002b54c0	336	library
002b5610	FUN_002b5610	104	library
002b5678	FUN_002b5678	116	library
002b56f0	FUN_002b56f0	568	library
002b5928	FUN_002b5928	400	library
002b5ab8	FUN_002b5ab8	12	library
002b5ac8	FUN_002b5ac8	104	library
002b5b30	FUN_002b5b30	148	library
002b5bc8	FUN_002b5bc8	788	library
002b5ee0	FUN_002b5ee0	60	library
002b5f20	FUN_002b5f20	28	library
002b5f40	FUN_002b5f40	112	library
002b5fb8	FUN_002b5fb8	40	library
002b5fe0	FUN_002b5fe0	52	library
002b6018	FUN_002b6018	40	library
002b6040	FUN_002b6040	220	library
002b6120	FUN_002b6120	472	library
002b6300	FUN_002b6300	104	library
002b6388	FUN_002b6388	152	library
002b6430	FUN_002b6430	228	library
002b6518	FUN_002b6518	160	library
002b65b8	FUN_002b65b8	84	library
002b6610	FUN_002b6610	120	library
002b6698	FUN_002b6698	160	library
002b6738	FUN_002b6738	108	library
002b67a8	FUN_002b67a8	344	library
002b6900	FUN_002b6900	744	library
002b6bf0	FUN_002b6bf0	208	library
002b6cc0	FUN_002b6cc0	208	library
002b6d98	FUN_002b6d98	84	library
002b6df0	FUN_002b6df0	664	library
002b7090	FUN_002b7090	108	library
002b7100	FUN_002b7100	216	library
002b71d8	FUN_002b71d8	136	library
002b7260	FUN_002b7260	328	library
002b73a8	FUN_002b73a8	244	library
002b74a8	FUN_002b74a8	432	library
002b7658	FUN_002b7658	356	library
002b77c0	FUN_002b77c0	236	library
002b78b0	FUN_002b78b0	40	library
002b78d8	FUN_002b78d8	64	library
002b7918	FUN_002b7918	104	library
002b7980	FUN_002b7980	264	library
002b7a88	FUN_002b7a88	84	library
002b7ae0	FUN_002b7ae0	212	library
002b7bb8	FUN_002b7bb8	204	library
002b7c88	FUN_002b7c88	320	library
002b7dc8	FUN_002b7dc8	120	library
002b7e40	FUN_002b7e40	84	library
002b7e98	FUN_002b7e98	100	library
002b7f00	FUN_002b7f00	100	library
002b7f68	FUN_002b7f68	92	library
002b7fc8	FUN_002b7fc8	176	library
002b8080	FUN_002b8080	128	library
002b8100	FUN_002b8100	236	library
002b81f0	FUN_002b81f0	412	library
002b8390	FUN_002b8390	224	library
002b8470	FUN_002b8470	124	library
002b8500	FUN_002b8500	176	library
002b85b0	FUN_002b85b0	192	library
002b8670	FUN_002b8670	288	library
002b8790	FUN_002b8790	288	library
002b88b0	FUN_002b88b0	248	library
002b89a8	FUN_002b89a8	232	library
002b8a90	FUN_002b8a90	304	library
002b8bc0	FUN_002b8bc0	248	library
002b8f80	FUN_002b8f80	164	library
002b9028	FUN_002b9028	36	library
002b9058	FUN_002b9058	60	library
002b9108	FUN_002b9108	92	library
002b9168	FUN_002b9168	108	library
002b91d8	FUN_002b91d8	84	library
002b9238	FUN_002b9238	376	library
002b93b8	FUN_002b93b8	288	library
002b94d8	FUN_002b94d8	68	library
002b9520	FUN_002b9520	388	library
002b96a8	FUN_002b96a8	96	library
002b9708	FUN_002b9708	284	library
002b9828	FUN_002b9828	144	library
002b98b8	FUN_002b98b8	280	library
002b99d0	FUN_002b99d0	68	library
002b9a18	FUN_002b9a18	100	library
002b9a80	FUN_002b9a80	304	library
002b9bb0	FUN_002b9bb0	300	library
002b9ce0	FUN_002b9ce0	212	library
002b9db8	FUN_002b9db8	384	library
002b9f38	FUN_002b9f38	144	library
002b9fc8	FUN_002b9fc8	88	library
002ba020	FUN_002ba020	920	library
002ba3b8	FUN_002ba3b8	2344	library
002bace8	FUN_002bace8	256	library
002bade8	FUN_002bade8	232	library
002baed0	FUN_002baed0	628	library
002bb148	FUN_002bb148	1080	library
002bb580	FUN_002bb580	420	library
002bb728	FUN_002bb728	300	library
002bb858	FUN_002bb858	1304	library
002bbd70	FUN_002bbd70	1360	library
002bc2c0	FUN_002bc2c0	496	library
002bc4b0	FUN_002bc4b0	1472	library
002bca70	FUN_002bca70	532	library
002bcc88	FUN_002bcc88	276	library
002bcda0	FUN_002bcda0	1308	library
002bd2c0	FUN_002bd2c0	204	library
002bd390	FUN_002bd390	460	library
002bd560	FUN_002bd560	160	library
002bd600	FUN_002bd600	52	library
002bd638	FUN_002bd638	28	library
002bd658	FUN_002bd658	28	library
002bd678	FUN_002bd678	28	library
002bd698	FUN_002bd698	276	library
002bd7b0	FUN_002bd7b0	284	library
002bd8d0	FUN_002bd8d0	64	library
002bd910	FUN_002bd910	64	library
002bd950	FUN_002bd950	112	library
002bd9c0	FUN_002bd9c0	916	library
002bdd58	FUN_002bdd58	320	library
002bde98	FUN_002bde98	28	library
002bdeb8	FUN_002bdeb8	28	library
002bded8	FUN_002bded8	72	library
002bdf20	FUN_002bdf20	72	library
002bdf68	FUN_002bdf68	372	library
002be0e0	FUN_002be0e0	204	library
002be1b0	FUN_002be1b0	84	library
002be208	FUN_002be208	44	library
002be238	FUN_002be238	144	library
002be2c8	FUN_002be2c8	44	library
002be2f8	FUN_002be2f8	40	library
002be320	FUN_002be320	60	library
002be360	FUN_002be360	468	library
002be538	FUN_002be538	256	library
002be638	FUN_002be638	216	library
002be710	FUN_002be710	236	library
002be800	FUN_002be800	312	library
002be938	FUN_002be938	260	library
002bea40	FUN_002bea40	404	library
002bebd8	FUN_002bebd8	28	library
002bebf8	FUN_002bebf8	400	library
002bed90	FUN_002bed90	304	library
002beec0	FUN_002beec0	56	library
002beef8	FUN_002beef8	56	library
002bef30	FUN_002bef30	288	library
002bf050	FUN_002bf050	68	library
002bf098	FUN_002bf098	48	library
002bf0c8	FUN_002bf0c8	112	library
002bf138	FUN_002bf138	64	library
002bf188	FUN_002bf188	76	library
002bf1e0	FUN_002bf1e0	104	library
002bf248	FUN_002bf248	104	library
002bf2b0	FUN_002bf2b0	44	library
002bf2e0	FUN_002bf2e0	32	library
002bf300	FUN_002bf300	104	library
002bf368	FUN_002bf368	104	library
002bf3d0	FUN_002bf3d0	180	library
002bf488	FUN_002bf488	164	library
002bf530	FUN_002bf530	48	library
002bf560	FUN_002bf560	36	library
002bf588	FUN_002bf588	136	library
002bf618	FUN_002bf618	72	library
002bf660	FUN_002bf660	244	library
002bf760	__do_global_ctors	176	library
002bf810	__main	32	library
002bf830	FUN_002bf830	1772	library
002bff20	FUN_002bff20	96	library
002bff88	FUN_002bff88	1484	library
002c0558	FUN_002c0558	300	library
002c0688	FUN_002c0688	152	library
002c0728	FUN_002c0728	576	library
002c0968	FUN_002c0968	88	library
002c09c0	FUN_002c09c0	100	library
002c0a28	FUN_002c0a28	680	library
002c0cd0	FUN_002c0cd0	356	library
002c0e38	FUN_002c0e38	276	library
002c0f50	FUN_002c0f50	76	library
002c0fa0	FUN_002c0fa0	184	library
002c1058	FUN_002c1058	148	library
002c10f0	FUN_002c10f0	160	library
002c1190	FUN_002c1190	44	library
002c11c0	FUN_002c11c0	84	library
002c1218	FUN_002c1218	268	library
002c1328	FUN_002c1328	144	library
002c13e8	FUN_002c13e8	152	library
002c1480	FUN_002c1480	44	library
002c14b0	FUN_002c14b0	64	library
002c14f0	FUN_002c14f0	16	library
002c1500	__terminate	36	library
002c1528	FUN_002c1528	44	library
002c1560	FUN_002c1560	84	library
002c15b8	FUN_002c15b8	36	library
002c15e0	FUN_002c15e0	40	library
002c1608	FUN_002c1608	40	library
002c1630	FUN_002c1630	104	library
002c1698	FUN_002c1698	40	library
002c16c0	FUN_002c16c0	372	library
002c19a8	FUN_002c19a8	216	library
002c1a80	FUN_002c1a80	324	library
002c1bc8	FUN_002c1bc8	136	library
002c1c50	FUN_002c1c50	124	library
002c1cd0	FUN_002c1cd0	140	library
002c1d60	FUN_002c1d60	8	library
002c1d68	FUN_002c1d68	816	library
002c2098	FUN_002c2098	468	library
002c2278	FUN_002c2278	476	library
002c2460	FUN_002c2460	68	library
002c24a8	FUN_002c24a8	80	library
002c24f8	FUN_002c24f8	252	library
002c25f8	FUN_002c25f8	604	library
002c2860	FUN_002c2860	68	library
002c28a8	FUN_002c28a8	136	library
002c2930	FUN_002c2930	316	library
002c2a70	FUN_002c2a70	228	library
002c2b58	FUN_002c2b58	260	library
002c2c60	FUN_002c2c60	920	library
002c2ff8	FUN_002c2ff8	40	library
002c3020	FUN_002c3020	120	library
002c3098	FUN_002c3098	472	library
002c3270	FUN_002c3270	372	library
002c33e8	FUN_002c33e8	244	library
002c34e0	FUN_002c34e0	1072	library
002c3910	FUN_002c3910	268	library
002c3a20	FUN_002c3a20	328	library
002c3b68	FUN_002c3b68	3364	library
002c4890	FUN_002c4890	1304	library
002c4db0	FUN_002c4db0	772	library
002c50b8	FUN_002c50b8	804	library
002c53e0	FUN_002c53e0	588	library
002c5630	FUN_002c5630	2920	library
002c6198	FUN_002c6198	468	library
002c6370	FUN_002c6370	52	library
002c63a8	FUN_002c63a8	32	library
002c63c8	FUN_002c63c8	468	library
002c65a0	FUN_002c65a0	56	library
002c65d8	FUN_002c65d8	36	library
002c6600	FUN_002c6600	508	library
002c6800	FUN_002c6800	432	library
002c69b8	FUN_002c69b8	36	library
002c69e0	FUN_002c69e0	68	library
002c6a28	FUN_002c6a28	12	library
002c6a38	FUN_002c6a38	148	library
002c6acc	FUN_002c6acc	172	library
002c6b78	FUN_002c6b78	252	library
002c6c74	FUN_002c6c74	184	library
002c6d2c	FUN_002c6d2c	304	library
002c6e5c	FUN_002c6e5c	416	library
002c6ffc	FUN_002c6ffc	332	library
002c7148	FUN_002c7148	280	library
002c7260	FUN_002c7260	324	library
002c73a8	FUN_002c73a8	452	library
002c7570	FUN_002c7570	456	library
002c7740	FUN_002c7740	96	library
002c77a0	FUN_002c77a0	128	library
002c7820	FUN_002c7820	16	library
002c7830	FUN_002c7830	40	library
002c7858	FUN_002c7858	212	library
002c7930	FUN_002c7930	80	library
002c7980	FUN_002c7980	72	library
002c79c8	FUN_002c79c8	96	library
002c7a28	FUN_002c7a28	64	library
002c7a68	FUN_002c7a68	2520	library
002c8448	FUN_002c8448	48	library
002c8478	FUN_002c8478	3828	library
002c9370	FUN_002c9370	44	library
002c93a8	FUN_002c93a8	124	library
002c9428	FUN_002c9428	196	library
002c94f0	FUN_002c94f0	76	library
002c9540	FUN_002c9540	36	library
002c9568	FUN_002c9568	156	library
002c9608	FUN_002c9608	108	library
002c9678	FUN_002c9678	120	library
002c96f0	FUN_002c96f0	156	library
002c9790	FUN_002c9790	1420	library
002c9d20	FUN_002c9d20	264	library
002c9e28	FUN_002c9e28	204	library
002c9ef8	FUN_002c9ef8	4164	library
002caf40	FUN_002caf40	432	library
002cb0f0	FUN_002cb0f0	264	library
002cb1f8	FUN_002cb1f8	3844	library
002cc100	FUN_002cc100	612	library
002cc368	FUN_002cc368	1836	library
002cca98	FUN_002cca98	756	library
002ccd90	FUN_002ccd90	364	library
002ccf00	FUN_002ccf00	556	library
002cd130	FUN_002cd130	52	library
002cd168	FUN_002cd168	32	library
002cd188	FUN_002cd188	12	library
002cd1a0	FUN_002cd1a0	36	library
002cd1c8	FUN_002cd1c8	236	library
002cd2b8	FUN_002cd2b8	492	library
002cd4a8	FUN_002cd4a8	1088	library
002cd8f0	FUN_002cd8f0	1576	library
002cdf20	FUN_002cdf20	444	library
002ce0e0	FUN_002ce0e0	92	library
002ce140	FUN_002ce140	828	library
002ce480	FUN_002ce480	168	library
002ce528	FUN_002ce528	52	library
002ce560	FUN_002ce560	264	library
002ce668	FUN_002ce668	308	library
002ce7a0	FUN_002ce7a0	132	library
002ce828	FUN_002ce828	192	library
002ce8e8	FUN_002ce8e8	56	library
002ce920	FUN_002ce920	520	library
002ceb28	FUN_002ceb28	252	library
002cec28	FUN_002cec28	336	library
002ced80	FUN_002ced80	104	library
002cede8	FUN_002cede8	396	library
002cef78	FUN_002cef78	200	library
002cf040	FUN_002cf040	408	library
002cf1d8	FUN_002cf1d8	380	library
002cf358	FUN_002cf358	192	library
002cf420	FUN_002cf420	188	library
002cf520	SetGsCrt	16	library
002cf540	_Exit	16	library
002cf600	AddIntcHandler	16	library
002cf610	AddIntcHandler	16	library
002cf620	RemoveIntcHandler	16	library
002cf630	AddDmacHandler	16	library
002cf640	AddDmacHandler	16	library
002cf650	RemoveDmacHandler	16	library
002cf660	_EnableIntc	16	library
002cf670	_DisableIntc	16	library
002cf680	_EnableDmac	16	library
002cf690	_DisableDmac	16	library
002cf720	CreateThread	16	library
002cf730	DeleteThread	16	library
002cf740	_StartThread	16	library
002cf770	TerminateThread	16	library
002cf7b0	ChangeThreadPriority	16	library
002cf7d0	RotateThreadReadyQueue	16	library
002cf810	GetThreadId	16	library
002cf820	ReferThreadStatus	16	library
002cf850	WakeupThread	16	library
002cf860	_iWakeupThread	16	library
002cf890	SuspendThread	16	library
002cf900	EndOfHeap	16	library
002cf920	CreateSema	16	library
002cf930	DeleteSema	16	library
002cf940	SignalSema	16	library
002cf950	iSignalSema	16	library
002cf960	WaitSema	16	library
002cf970	PollSema	16	library
002cf9c0	SetOsdConfigParam	16	library
002cf9d0	GetOsdConfigParam	16	library
002cfba0	FlushCache	16	library
002cfbd0	iFlushCache	16	library
002cfbf0	sceSifStopDma	16	library
002cfc30	GetOsdConfigParam2	16	library
002cfc40	GsGetIMR	16	library
002cfc60	GsPutIMR	16	library
002cfc90	SetVSyncFlag	16	library
002cfcc0	sceSifDmaStat	16	library
002cfce0	sceSifSetDma	16	library
002cfcf0	isceSifSetDma	16	library
002cfd00	sceSifSetDChain	16	library
002cfd10	isceSifSetDChain	16	library
002cfd20	sceSifSetReg	16	library
002cfd30	sceSifGetReg	16	library
002cfd50	Deci2Call	16	library
002cfd80	GetMemorySize	16	library
002cfd90	_InitTLB	16	library
002cfda0	FUN_002cfda0	12	library
002cfdb0	FUN_002cfdb0	144	library
002cfe40	FUN_002cfe40	164	library
002cfee8	FUN_002cfee8	124	library
002cff70	FUN_002cff70	172	library
002d0028	FUN_002d0028	164	library
002d00d0	FUN_002d00d0	124	library
002d0158	FUN_002d0158	164	library
002d0200	FUN_002d0200	124	library
002d0288	FUN_002d0288	16	library
002d0298	FUN_002d0298	104	library
002d0300	FUN_002d0300	104	library
002d0368	FUN_002d0368	104	library
002d03d0	FUN_002d03d0	104	library
002d0438	FUN_002d0438	216	library
002d0510	FUN_002d0510	236	library
002d0600	FUN_002d0600	148	library
002d06a0	FUN_002d06a0	200	library
002d0768	FUN_002d0768	376	library
002d08e0	FUN_002d08e0	40	library
002d0908	FUN_002d0908	36	library
002d0930	FUN_002d0930	60	library
002d0978	FUN_002d0978	400	library
002d0b10	FUN_002d0b10	372	library
002d0c88	FUN_002d0c88	188	library
002d0d48	FUN_002d0d48	56	library
002d0d80	FUN_002d0d80	176	library
002d0e30	FUN_002d0e30	52	library
002d0e68	FUN_002d0e68	144	library
002d0ef8	FUN_002d0ef8	468	library
002d10d0	FUN_002d10d0	3348	library
002d1e40	FUN_002d1e40	40	library
002d1e68	FUN_002d1e68	40	library
002d1e90	FUN_002d1e90	76	library
002d1ee0	FUN_002d1ee0	72	library
002d1f28	FUN_002d1f28	128	library
002d1fa8	FUN_002d1fa8	128	library
002d2058	FUN_002d2058	24	library
002d2080	FUN_002d2080	640	library
002d2300	FUN_002d2300	52	library
002d2338	FUN_002d2338	120	library
002d23b0	FUN_002d23b0	76	library
002d2400	FUN_002d2400	308	library
002d2538	FUN_002d2538	60	library
002d2578	FUN_002d2578	60	library
002d25b8	FUN_002d25b8	328	library
002d2700	FUN_002d2700	172	library
002d27b0	FUN_002d27b0	412	library
002d2950	FUN_002d2950	36	library
002d2978	FUN_002d2978	168	library
002d2a20	FUN_002d2a20	28	library
002d2a40	FUN_002d2a40	48	library
002d2a70	FUN_002d2a70	64	library
002d2ab0	FUN_002d2ab0	204	library
002d2b80	FUN_002d2b80	64	library
002d2bc0	FUN_002d2bc0	208	library
002d2c98	FUN_002d2c98	76	library
002d2ce8	FUN_002d2ce8	64	library
002d2d28	FUN_002d2d28	204	library
002d2df8	FUN_002d2df8	332	library
002d2fd8	FUN_002d2fd8	512	library
002d31d8	FUN_002d31d8	60	library
002d3230	FUN_002d3230	112	library
002d32a8	FUN_002d32a8	136	library
002d3330	FUN_002d3330	236	library
002d3420	FUN_002d3420	108	library
002d3490	FUN_002d3490	944	library
002d3848	FUN_002d3848	84	library
002d38a0	FUN_002d38a0	44	library
002d38d0	FUN_002d38d0	12	library
002d3928	FUN_002d3928	520	library
002d3b30	FUN_002d3b30	140	library
002d3bc0	FUN_002d3bc0	52	library
002d3bf8	FUN_002d3bf8	656	library
002d3e88	FUN_002d3e88	376	library
002d4008	FUN_002d4008	616	library
002d42d8	FUN_002d42d8	136	library
002d4360	FUN_002d4360	112	library
002d43d0	FUN_002d43d0	120	library
002d4448	FUN_002d4448	28	library
002d4478	FUN_002d4478	256	library
002d4578	FUN_002d4578	140	library
002d4608	FUN_002d4608	56	library
002d4640	FUN_002d4640	520	library
002d4850	FUN_002d4850	28	library
002d4870	FUN_002d4870	548	library
002d4a98	FUN_002d4a98	32	library
002d4ae0	FUN_002d4ae0	340	library
002d4c38	FUN_002d4c38	80	library
002d4c88	FUN_002d4c88	272	library
002d4d98	FUN_002d4d98	80	library
002d4de8	FUN_002d4de8	24	library
002d4e00	FUN_002d4e00	96	library
002d4ee0	FUN_002d4ee0	16	library
002d4ef8	FUN_002d4ef8	252	library
002d4ff8	RFU116_SetSyscall	16	library
002d5008	FUN_002d5008	84	library
002d5060	RFU116_SetSyscall	16	library
002d5070	FUN_002d5070	16	library
002d50b8	RFU091	16	library
002d50c8	FUN_002d50c8	104	library
002d5130	FUN_002d5130	172	library
002d5218	FUN_002d5218	40	library
002d5248	RFU116_SetSyscall	16	library
002d5258	FUN_002d5258	16	library
002d52a0	RFU091	16	library
002d52b0	FUN_002d52b0	212	library
002d5388	FUN_002d5388	104	library
002d53f8	FUN_002d53f8	16	library
002d5408	FUN_002d5408	16	library
002d5418	FUN_002d5418	16	library
002d5428	FUN_002d5428	340	library
002d5588	FUN_002d5588	144	library
002d5620	FUN_002d5620	400	library
002d57b0	FUN_002d57b0	128	library
002d5838	FUN_002d5838	56	library
002d5870	FUN_002d5870	676	library
002d5b18	FUN_002d5b18	76	library
002d5b70	FUN_002d5b70	112	library
002d5be0	FUN_002d5be0	72	library
002d5c38	FUN_002d5c38	172	library
002d5ce8	FUN_002d5ce8	76	library
002d5d68	FUN_002d5d68	244	library
002d5e60	FUN_002d5e60	124	library
002d5ee0	FUN_002d5ee0	112	library
002d5f60	FUN_002d5f60	76	library
002d5fb0	FUN_002d5fb0	92	library
002d6010	FUN_002d6010	300	library
002d6140	FUN_002d6140	240	library
002d6230	FUN_002d6230	36	library
002d6268	FUN_002d6268	168	library
002d6310	FUN_002d6310	68	library
002d6360	FUN_002d6360	48	library
002d6390	FUN_002d6390	36	library
002d63c0	FUN_002d63c0	52	library
002d63f8	FUN_002d63f8	52	library
002d6440	FUN_002d6440	36	library
002d6470	FUN_002d6470	16	library
002d64b8	RFU091	16	library
002d64c8	RFU116_SetSyscall	16	library
002d64d8	FUN_002d64d8	196	library
002d65a0	RFU086_WaitEvnetFlag	16	library
002d65b0	FUN_002d65b0	64	library
002d65f0	FUN_002d65f0	500	library
002d6960	FUN_002d6960	92	library
002d69c0	FUN_002d69c0	236	library
002d6ab8	FUN_002d6ab8	152	library
002d6b50	FUN_002d6b50	1628	library
002d71b8	FUN_002d71b8	1332	library
002d76f8	FUN_002d76f8	20	library
002dccb0	FUN_002dccb0	192	library
002dce90	FUN_002dce90	208	library
002dcf60	FUN_002dcf60	484	library
002dd2e8	FUN_002dd2e8	260	library
002dd3f0	FUN_002dd3f0	316	library
002dd530	FUN_002dd530	416	library
002dd6d0	FUN_002dd6d0	32	library
002dd718	FUN_002dd718	480	library
002ddc08	FUN_002ddc08	304	library
